card_id,name,anime,rarity,asset_path_or_status
jack_hanma_titan,Джек Ханма,Baki,Обычный,media/cards/jack_hanma_titan.jpg
alamindelon,Аламинделон,Beelzebub,Обычный,media/cards/alamindelon.jpg
kunieda_aoi,Куниэда Аой,Beelzebub,Обычный,media/cards/kunieda_aoi.jpg
natsume_beelzebub,Нацумэ Синтаро,Beelzebub,Обычный,media/cards/natsume_beelzebub.jpg
tojo_hidetora,Тоджо Хидэтора,Beelzebub,Обычный,media/cards/tojo_hidetora.jpg
hilda_beelzebub,Хильда,Beelzebub,Обычный,media/cards/hilda_beelzebub.jpg
balaalayka_black_lagoon,Балаалайка,Black Lagoon,Обычный,media/cards/balaalayka_black_lagoon.jpg
revi_black_lagoon,Реви,Black Lagoon,Обычный,media/cards/revi_black_lagoon.jpg
roberta_black_lagoon,Роберта,Black Lagoon,Обычный,media/cards/roberta_black_lagoon.jpg
rok_black_lagoon,Рок,Black Lagoon,Обычный,media/cards/rok_black_lagoon.jpg
ayra_shiratori_dandadan,Айра Ширатори,Dandadan,Обычный,media/cards/ayra_shiratori_dandadan.jpg
dzidzi_dandadan,Дзидзи,Dandadan,Обычный,media/cards/dzidzi_dandadan.jpg
momo_ayase_dandadan,Момо Аясэ,Dandadan,Обычный,media/cards/momo_ayase_dandadan.jpg
okarun_dandadan,Окарун,Dandadan,Обычный,media/cards/okarun_dandadan.jpg
turbo_babka_dandadan,Турбо-бабка,Dandadan,Обычный,media/cards/turbo_babka_dandadan.jpg
archer_emiya_fate,Арчер EMIYA,Fate,Обычный,media/cards/archer_emiya_fate.jpg
kiritsugu_emiya_fate,Кирицугу Эмия,Fate,Обычный,media/cards/kiritsugu_emiya_fate.jpg
rin_tosaka_fate,Рин Тосака,Fate,Обычный,media/cards/rin_tosaka_fate.jpg
seyber_fate,Сэйбер,Fate,Обычный,media/cards/seyber_fate.jpg
mustang_flame,Рой Мустанг,Fullmetal Alchemist,Обычный,media/cards/mustang_flame.jpg
roy_mustang_epic,Рой Мустанг,Fullmetal Alchemist,Обычный,media/cards/roy_mustang_epic.jpg
edward_elric_rare,Эдвард Элрик,Fullmetal Alchemist,Обычный,media/cards/edward_elric_rare.jpg
chrollo_book,Чролло Люцифер,Hunter x Hunter,Обычный,media/cards/chrollo_book.jpg
aladdin_magi_solomona,Аладдин,Magi,Обычный,media/cards/aladdin_magi_solomona.jpg
dzhuda_r_temnyy_magi,Джуда́р,Magi,Обычный,media/cards/dzhuda_r_temnyy_magi.jpg
dot_barrett_mashle,Дот Барретт,Mashle,Обычный,media/cards/dot_barrett_mashle.jpg
lans_kraun_mashle,Ланс Краун,Mashle,Обычный,media/cards/lans_kraun_mashle.jpg
mesh_bernded_mashle,Мэш Бёрндэд,Mashle,Обычный,media/cards/mesh_bernded_mashle.jpg
reyn_eyms_mashle,Рейн Эймс,Mashle,Обычный,media/cards/reyn_eyms_mashle.jpg
finn_eyms_mashle,Финн Эймс,Mashle,Обычный,media/cards/finn_eyms_mashle.jpg
dimpl_mob_psycho_100,Димпл,Mob Psycho 100,Обычный,media/cards/dimpl_mob_psycho_100.jpg
reygen_arataka_mob_psycho_100,Рэйгэн Аратака,Mob Psycho 100,Обычный,media/cards/reygen_arataka_mob_psycho_100.jpg
toichiro_sudzuki_mob_psycho_100,Тоичиро Судзуки,Mob Psycho 100,Обычный,media/cards/toichiro_sudzuki_mob_psycho_100.jpg
teruki_hanadzava_mob_psycho_100,Тэруки Ханадзава,Mob Psycho 100,Обычный,media/cards/teruki_hanadzava_mob_psycho_100.jpg
shigeo_kageyama_mob_psycho_100,Шигэо Кагэяма,Mob Psycho 100,Обычный,media/cards/shigeo_kageyama_mob_psycho_100.jpg
aynz_oal_goun_overlord,Айнз Оал Гоун,Overlord,Обычный,media/cards/aynz_oal_goun_overlord.jpg
albedo_overlord,Альбедо,Overlord,Обычный,media/cards/albedo_overlord.jpg
demiurg_overlord,Демиург,Overlord,Обычный,media/cards/demiurg_overlord.jpg
kotsit_overlord,Коцит,Overlord,Обычный,media/cards/kotsit_overlord.jpg
shalti_bladfollen_overlord,Шалти Бладфоллен,Overlord,Обычный,media/cards/shalti_bladfollen_overlord.jpg
ram_re_zero,Рам,Re:Zero,Обычный,media/cards/ram_re_zero.jpg
reynhard_van_astreya_re_zero,Рейнхард ван Астрея,Re:Zero,Обычный,media/cards/reynhard_van_astreya_re_zero.jpg
rem_re_zero,Рем,Re:Zero,Обычный,media/cards/rem_re_zero.jpg
subaru_natsuki_re_zero,Субару Нацуки,Re:Zero,Обычный,media/cards/subaru_natsuki_re_zero.jpg
emiliya_re_zero,Эмилия,Re:Zero,Обычный,media/cards/emiliya_re_zero.jpg
zeke_beast,Зик Йегер,Атака титанов,Эпический,media/cards/zeke_beast.jpg
levi_peak,Леви Аккерман,Атака титанов,Обычный,media/cards/levi_peak.jpg
levi_peak2,Леви Аккерман,Атака титанов,Обычный,media/cards/levi_peak2.jpg
levi_akkerman_pik_posle_voyny,Леви Аккерман,Атака титанов,Обычный,media/cards/levi_akkerman_pik_posle_voyny.jpg
mikasa,Микаса Аккерман,Атака титанов,Обычный,media/cards/mikasa.jpg
mikasa_peak,Микаса Аккерман,Атака титанов,Обычный,media/cards/mikasa_peak.jpg
reiner_armor,Райнер Браун,Атака титанов,Обычный,media/cards/reiner_armor.jpg
annie_female,Энни Леонхарт,Атака титанов,Обычный,media/cards/annie_female.jpg
eren_attack,Эрен Йегер,Атака титанов,Редкий,media/cards/eren_attack.jpg
pikl_pervobytnaya_sila,Пикл,Баки,Обычный,media/cards/pikl_pervobytnaya_sila.jpg
gats_berserk,Гатс,Берсерк,Обычный,media/cards/gats_berserk.jpg
griffit_berserk,Гриффит,Берсерк,Обычный,media/cards/griffit_berserk.jpg
kaska_berserk,Каска,Берсерк,Обычный,media/cards/kaska_berserk.jpg
nosferatu_zodd_berserk,Носферату Зодд,Берсерк,Обычный,media/cards/nosferatu_zodd_berserk.jpg
rytsar_cherepa_berserk,Рыцарь Черепа,Берсерк,Обычный,media/cards/rytsar_cherepa_berserk.jpg
askin_nakk_le_var_deathdealing,Аскин Накк Ле Вар,Блич,Обычный,media/cards/askin_nakk_le_var_deathdealing.jpg
byakuya_kuchiki_sovershennyy_bankay,Бякуя Кучики,Блич,Обычный,media/cards/byakuya_kuchiki_sovershennyy_bankay.jpg
byakuya_kuchiki_senbonzakura_kageeshi,Бякуя Кучики,Блич,Обычный,media/cards/byakuya_kuchiki_senbonzakura_kageeshi.jpg
gin_ichimaru_standartnyy_maksimum,Гин Ичимару,Блич,Обычный,media/cards/gin_ichimaru_standartnyy_maksimum.jpg
grimmjow_res,Гриммджоу,Блич,Обычный,media/cards/grimmjow_res.jpg
grimmjow_resurreccion,Гриммджоу,Блич,Обычный,media/cards/grimmjow_resurreccion.jpg
ukitake_mimihagi,Джуширо Укитаке,Блич,Обычный,media/cards/ukitake_mimihagi.jpg
zaelaporro_standartnyy_maksimum,Заэльапорро,Блич,Обычный,media/cards/zaelaporro_standartnyy_maksimum.jpg
ikkaku_madarame_standartnyy_maksimum,Иккаку Мадараме,Блич,Обычный,media/cards/ikkaku_madarame_standartnyy_maksimum.jpg
isida_uryu_standartnyy_maksimum,Исида Урю,Блич,Обычный,media/cards/isida_uryu_standartnyy_maksimum.jpg
ichigo_kurosaki_shinigami_zamestitel,Ичиго Куросаки,Блич,Обычный,media/cards/ichigo_kurosaki_shinigami_zamestitel.jpg
yoruichi_standartnyy_maksimum,Йоруичи,Блич,Обычный,media/cards/yoruichi_standartnyy_maksimum.jpg
kenpachi_serious,Кенпачи Зараки,Блич,Обычный,media/cards/kenpachi_serious.jpg
komamura_standartnyy_maksimum,Комамура,Блич,Обычный,media/cards/komamura_standartnyy_maksimum.jpg
mayuri_kurocuchi_standartnyy_maksimum,Маюри Куроцучи,Блич,Обычный,media/cards/mayuri_kurocuchi_standartnyy_maksimum.jpg
mayuri_kurocuchi_podgotovka,Маюри Куроцучи,Блич,Обычный,media/cards/mayuri_kurocuchi_podgotovka.jpg
nelliel_standartnyy_maksimum,Неллиэль,Блич,Обычный,media/cards/nelliel_standartnyy_maksimum.jpg
nnoytra_standartnyy_maksimum,Ннойтра,Блич,Обычный,media/cards/nnoytra_standartnyy_maksimum.jpg
orihime_standartnyy_maksimum,Орихиме,Блич,Обычный,media/cards/orihime_standartnyy_maksimum.jpg
rendzhi_abaray_standartnyy_maksimum,Ренджи Абарай,Блич,Обычный,media/cards/rendzhi_abaray_standartnyy_maksimum.jpg
soy_fon_standartnyy_maksimum,Сой Фон,Блич,Обычный,media/cards/soy_fon_standartnyy_maksimum.jpg
starrk_standartnyy_maksimum,Старрк,Блич,Обычный,media/cards/starrk_standartnyy_maksimum.jpg
tosen_standartnyy_maksimum,Тосен,Блич,Обычный,media/cards/tosen_standartnyy_maksimum.jpg
ukitake_standartnyy_maksimum,Укитаке,Блич,Обычный,media/cards/ukitake_standartnyy_maksimum.jpg
ukitake_dzyushiro_polnaya_sila,Укитаке Дзюширо,Блич,Обычный,media/cards/ukitake_dzyushiro_polnaya_sila.jpg
unohana_recu_standartnyy_maksimum,Унохана Рецу,Блич,Обычный,media/cards/unohana_recu_standartnyy_maksimum.jpg
urahara_kiske_bankay,Урахара Киске,Блич,Обычный,media/cards/urahara_kiske_bankay.jpg
harribel_standartnyy_maksimum,Харрибел,Блич,Обычный,media/cards/harribel_standartnyy_maksimum.jpg
hirako_shindzhi_standartnyy_maksimum,Хирако Шинджи,Блич,Обычный,media/cards/hirako_shindzhi_standartnyy_maksimum.jpg
chad_standartnyy_maksimum,Чад,Блич,Обычный,media/cards/chad_standartnyy_maksimum.jpg
yumichika_standartnyy_maksimum,Юмичика,Блич,Обычный,media/cards/yumichika_standartnyy_maksimum.jpg
boro_boruto,Боро,Боруто,Обычный,media/cards/boro_boruto.jpg
boruto_base,Боруто Узумаки,Боруто,Обычный,media/cards/boruto_base.jpg
delta_boruto,Дельта,Боруто,Обычный,media/cards/delta_boruto.jpg
vayolet_evergarden_vayolet_evergarden,Вайолет Эвергарден,Вайолет Эвергарден,Обычный,media/cards/vayolet_evergarden_vayolet_evergarden.jpg
gilbert_bugenvilleya_vayolet_evergarden,Гилберт Бугенвиллея,Вайолет Эвергарден,Обычный,media/cards/gilbert_bugenvilleya_vayolet_evergarden.jpg
crocodile,Крокодайл,One Piece / Ван-Пис,Обычный,media/cards/crocodile.jpg
luffy_pre_ts,Монки Д. Луффи,One Piece / Ван-Пис,Обычный,media/cards/luffy_pre_ts.jpg
ace,Портгас Д. Эйс,One Piece / Ван-Пис,Обычный,media/cards/ace.jpg
lucci,Роб Луччи,One Piece / Ван-Пис,Обычный,media/cards/lucci.jpg
zoro_koh,Ророноа Зоро,One Piece / Ван-Пис,Обычный,media/cards/zoro_koh.jpg
enel_god,Энель,One Piece / Ван-Пис,Редкий,media/cards/enel_god.jpg
bartolomeo_standartnyy_maksimum,Бартоломео,One Piece / Ван-Пис,Обычный,media/cards/bartolomeo_standartnyy_maksimum.jpg
ben_bekman_standartnyy_maksimum,Бен Бекман,One Piece / Ван-Пис,Обычный,media/cards/ben_bekman_standartnyy_maksimum.jpg
boa_henkok_standartnyy_maksimum,Боа Хэнкок,One Piece / Ван-Пис,Обычный,media/cards/boa_henkok_standartnyy_maksimum.jpg
bruk_standartnyy_maksimum,Брук,One Piece / Ван-Пис,Обычный,media/cards/bruk_standartnyy_maksimum.jpg
brook_soul,Брук,One Piece / Ван-Пис,Обычный,media/cards/brook_soul.jpg
dzhimbey_standartnyy_maksimum,Джимбей,One Piece / Ван-Пис,Обычный,media/cards/dzhimbey_standartnyy_maksimum.jpg
jinbe_warlord,Дзимбэй,One Piece / Ван-Пис,Обычный,media/cards/jinbe_warlord.jpg
doflamingo_standartnyy_maksimum,Дофламинго,One Piece / Ван-Пис,Обычный,media/cards/doflamingo_standartnyy_maksimum.jpg
zoro_korol_ada,Зоро,One Piece / Ван-Пис,Обычный,media/cards/zoro_korol_ada.jpg
kavendish_standartnyy_maksimum,Кавендиш,One Piece / Ван-Пис,Обычный,media/cards/kavendish_standartnyy_maksimum.jpg
katakuri_standartnyy_maksimum,Катакури,One Piece / Ван-Пис,Обычный,media/cards/katakuri_standartnyy_maksimum.jpg
kvin_standartnyy_maksimum,Квин,One Piece / Ван-Пис,Обычный,media/cards/kvin_standartnyy_maksimum.jpg
kid_probuzhdenie,Кид,One Piece / Ван-Пис,Обычный,media/cards/kid_probuzhdenie.jpg
kizaru_svetovoy_admiral,Кизару,One Piece / Ван-Пис,Обычный,media/cards/kizaru_svetovoy_admiral.jpg
kobi_standartnyy_maksimum,Коби,One Piece / Ван-Пис,Обычный,media/cards/kobi_standartnyy_maksimum.jpg
krokodayl_standartnyy_maksimum,Крокодайл,One Piece / Ван-Пис,Обычный,media/cards/krokodayl_standartnyy_maksimum.jpg
crocodile_warlord,Крокодайл,One Piece / Ван-Пис,Обычный,media/cards/crocodile_warlord.jpg
kuma_standartnyy_maksimum,Кума,One Piece / Ван-Пис,Обычный,media/cards/kuma_standartnyy_maksimum.jpg
lo_standartnyy_maksimum,Ло,One Piece / Ван-Пис,Обычный,media/cards/lo_standartnyy_maksimum.jpg
luffy_east_blue,Монки Д. Луффи,One Piece / Ван-Пис,Обычный,media/cards/luffy_east_blue.jpg
marko_standartnyy_maksimum,Марко,One Piece / Ван-Пис,Обычный,media/cards/marko_standartnyy_maksimum.jpg
nami_zeus,Нами,One Piece / Ван-Пис,Обычный,media/cards/nami_zeus.jpg
nami_standartnyy_maksimum,Нами,One Piece / Ван-Пис,Обычный,media/cards/nami_standartnyy_maksimum.jpg
robin_demonio,Нико Робин,One Piece / Ван-Пис,Редкий,media/cards/robin_demonio.jpg
oden_kodzuki_dva_mecha,Оден Кодзуки,One Piece / Ван-Пис,Обычный,media/cards/oden_kodzuki_dva_mecha.jpg
rob_luchchi_standartnyy_maksimum,Роб Луччи,One Piece / Ван-Пис,Обычный,media/cards/rob_luchchi_standartnyy_maksimum.jpg
robin_standartnyy_maksimum,Робин,One Piece / Ван-Пис,Обычный,media/cards/robin_standartnyy_maksimum.jpg
zoro_pre_ts,Ророноа Зоро,One Piece / Ван-Пис,Обычный,media/cards/zoro_pre_ts.jpg
sabo_standartnyy_maksimum,Сабо,One Piece / Ван-Пис,Обычный,media/cards/sabo_standartnyy_maksimum.jpg
sanji_diable,Санджи,One Piece / Ван-Пис,Обычный,media/cards/sanji_diable.jpg
sandzhi_ifrit_dzhambe,Санджи,One Piece / Ван-Пис,Обычный,media/cards/sandzhi_ifrit_dzhambe.jpg
smoker_standartnyy_maksimum,Смокер,One Piece / Ван-Пис,Обычный,media/cards/smoker_standartnyy_maksimum.jpg
usopp_wano,Усопп,One Piece / Ван-Пис,Обычный,media/cards/usopp_wano.jpg
usopp_standartnyy_maksimum,Усопп,One Piece / Ван-Пис,Обычный,media/cards/usopp_standartnyy_maksimum.jpg
usopp_sniper,Усопп,One Piece / Ван-Пис,Обычный,media/cards/usopp_sniper.jpg
frenki_standartnyy_maksimum,Фрэнки,One Piece / Ван-Пис,Обычный,media/cards/frenki_standartnyy_maksimum.jpg
franky_shogun,Фрэнки,One Piece / Ван-Пис,Редкий,media/cards/franky_shogun.jpg
chopper_standartnyy_maksimum,Чоппер,One Piece / Ван-Пис,Обычный,media/cards/chopper_standartnyy_maksimum.jpg
eys_standartnyy_maksimum,Эйс,One Piece / Ван-Пис,Обычный,media/cards/eys_standartnyy_maksimum.jpg
enel_goro_goro,Энель,One Piece / Ван-Пис,Обычный,media/cards/enel_goro_goro.jpg
yamato_okami,Ямато,One Piece / Ван-Пис,Обычный,media/cards/yamato_okami.jpg
yasopp_standartnyy_maksimum,Ясопп,One Piece / Ван-Пис,Обычный,media/cards/yasopp_standartnyy_maksimum.jpg
atomnyy_samuray_standartnyy_maksimum,Атомный Самурай,Ванпанчмен,Обычный,media/cards/atomnyy_samuray_standartnyy_maksimum.jpg
atomnyy_samuray_solnechnyy_klinok,Атомный Самурай,Ванпанчмен,Обычный,media/cards/atomnyy_samuray_solnechnyy_klinok.jpg
bang,Бэнг,Ванпанчмен,Обычный,media/cards/bang.jpg
bang_old,Бэнг,Ванпанчмен,Обычный,media/cards/bang_old.jpg
vakcina_men_standartnyy_maksimum,Вакцина Мэн,Ванпанчмен,Обычный,media/cards/vakcina_men_standartnyy_maksimum.jpg
garou_human,Гаро,Ванпанчмен,Обычный,media/cards/garou_human.jpg
genos_max,Генос,Ванпанчмен,Обычный,media/cards/genos_max.jpg
genos_upgrade,Генос,Ванпанчмен,Обычный,media/cards/genos_upgrade.jpg
genos_standartnyy_maksimum,Генос,Ванпанчмен,Обычный,media/cards/genos_standartnyy_maksimum.jpg
glubokovodnyy_korol_standartnyy_maksimum,Глубоководный Король,Ванпанчмен,Обычный,media/cards/glubokovodnyy_korol_standartnyy_maksimum.jpg
detskoe_imperator_standartnyy_maksimum,Детское Император,Ванпанчмен,Обычный,media/cards/detskoe_imperator_standartnyy_maksimum.jpg
zombi_men_standartnyy_maksimum,Зомби Мен,Ванпанчмен,Обычный,media/cards/zombi_men_standartnyy_maksimum.jpg
karnazh_kabuto_standartnyy_maksimum,Карнаж Кабуто,Ванпанчмен,Обычный,media/cards/karnazh_kabuto_standartnyy_maksimum.jpg
metal_nayt_armiya_robotov,Метал Найт,Ванпанчмен,Обычный,media/cards/metal_nayt_armiya_robotov.jpg
metallicheskaya_bita_standartnyy_maksimum,Металлическая Бита,Ванпанчмен,Обычный,media/cards/metallicheskaya_bita_standartnyy_maksimum.jpg
mumen_rayder_standartnyy_maksimum,Мумен Райдер,Ванпанчмен,Обычный,media/cards/mumen_rayder_standartnyy_maksimum.jpg
orochi_standartnyy_maksimum,Ороchi,Ванпанчмен,Обычный,media/cards/orochi_standartnyy_maksimum.jpg
platinovyy_sperm_standartnyy_maksimum,Платиновый Сперм,Ванпанчмен,Обычный,media/cards/platinovyy_sperm_standartnyy_maksimum.jpg
puri_puri_prizoner_standartnyy_maksimum,Пури-Пури Призонер,Ванпанчмен,Обычный,media/cards/puri_puri_prizoner_standartnyy_maksimum.jpg
sonik_standartnyy_maksimum,Соник,Ванпанчмен,Обычный,media/cards/sonik_standartnyy_maksimum.jpg
suiryu_turnirnyy_pik,Суирью,Ванпанчмен,Обычный,media/cards/suiryu_turnirnyy_pik.jpg
tank_top_master_standartnyy_maksimum,Танк-Топ Мастер,Ванпанчмен,Обычный,media/cards/tank_top_master_standartnyy_maksimum.jpg
flesh_fleshi_maks_skorost,Флэш Флэши,Ванпанчмен,Обычный,media/cards/flesh_fleshi_maks_skorost.jpg
fubuki_standartnyy_maksimum,Фубуки,Ванпанчмен,Обычный,media/cards/fubuki_standartnyy_maksimum.jpg
fubuki_psihokinez,Фубуки,Ванпанчмен,Обычный,media/cards/fubuki_psihokinez.jpg
chernyy_sperm_standartnyy_maksimum,Чёрный Сперм,Ванпанчмен,Обычный,media/cards/chernyy_sperm_standartnyy_maksimum.jpg
vakatoshi_ushidzhima_voleybol,Вакатоши Ушиджима,Волейбол!!,Обычный,media/cards/vakatoshi_ushidzhima_voleybol.jpg
tobio_kageyama_voleybol,Тобио Кагеяма,Волейбол!!,Обычный,media/cards/tobio_kageyama_voleybol.jpg
tooru_oikava_voleybol,Тоору Оикава,Волейбол!!,Обычный,media/cards/tooru_oikava_voleybol.jpg
shoe_hinata_voleybol,Шоё Хината,Волейбол!!,Обычный,media/cards/shoe_hinata_voleybol.jpg
yu_nishinoya_voleybol,Ю Нишиноя,Волейбол!!,Обычный,media/cards/yu_nishinoya_voleybol.jpg
josuke,Джоске Хигашиката,JoJo,Обычный,media/cards/josuke.jpg
kira,Йошикаге Кира,JoJo,Обычный,media/cards/kira.jpg
gen_asagiri_doktor_stoun,Ген Асагири,Доктор Стоун,Обычный,media/cards/gen_asagiri_doktor_stoun.jpg
kohaku_doktor_stoun,Кохаку,Доктор Стоун,Обычный,media/cards/kohaku_doktor_stoun.jpg
senku_ishigami_doktor_stoun,Сэнку Ишигами,Доктор Стоун,Обычный,media/cards/senku_ishigami_doktor_stoun.jpg
hrom_doktor_stoun,Хром,Доктор Стоун,Обычный,media/cards/hrom_doktor_stoun.jpg
tsukasa_shishio_doktor_stoun,Цукаса Шишио,Доктор Стоун,Обычный,media/cards/tsukasa_shishio_doktor_stoun.jpg
android_17_standartnyy_maksimum,Андроид 17,Dragon Ball,Обычный,media/cards/android_17_standartnyy_maksimum.jpg
android_18_standartnyy_maksimum,Андроид 18,Dragon Ball,Обычный,media/cards/android_18_standartnyy_maksimum.jpg
goten_standartnyy_maksimum,Готен,Dragon Ball,Обычный,media/cards/goten_standartnyy_maksimum.jpg
gotenks_standartnyy_maksimum,Готенкс,Dragon Ball,Обычный,media/cards/gotenks_standartnyy_maksimum.jpg
kabba_standartnyy_maksimum,Кабба,Dragon Ball,Обычный,media/cards/kabba_standartnyy_maksimum.jpg
kefla_standartnyy_maksimum,Кефла,Dragon Ball,Обычный,media/cards/kefla_standartnyy_maksimum.jpg
krillin_standartnyy_maksimum,Криллин,Dragon Ball,Обычный,media/cards/krillin_standartnyy_maksimum.jpg
madzhin_buu_standartnyy_maksimum,Маджин Буу,Dragon Ball,Обычный,media/cards/madzhin_buu_standartnyy_maksimum.jpg
moro_standartnyy_maksimum,Моро,Dragon Ball,Обычный,media/cards/moro_standartnyy_maksimum.jpg
pikkolo_standartnyy_maksimum,Пикколо,Dragon Ball,Обычный,media/cards/pikkolo_standartnyy_maksimum.jpg
sell_standartnyy_maksimum,Селл,Dragon Ball,Обычный,media/cards/sell_standartnyy_maksimum.jpg
toppo_standartnyy_maksimum,Топпо,Dragon Ball,Обычный,media/cards/toppo_standartnyy_maksimum.jpg
tranks_standartnyy_maksimum,Транкс,Dragon Ball,Обычный,media/cards/tranks_standartnyy_maksimum.jpg
ten_standartnyy_maksimum,Тьен,Dragon Ball,Обычный,media/cards/ten_standartnyy_maksimum.jpg
fyuzhn_zamasu_standartnyy_maksimum,Фьюжн Замасу,Dragon Ball,Обычный,media/cards/fyuzhn_zamasu_standartnyy_maksimum.jpg
hit_standartnyy_maksimum,Хит,Dragon Ball,Обычный,media/cards/hit_standartnyy_maksimum.jpg
yamcha_standartnyy_maksimum,Ямча,Dragon Ball,Обычный,media/cards/yamcha_standartnyy_maksimum.jpg
aska_lengli_evangelion,Аска Лэнгли,Евангелион,Обычный,media/cards/aska_lengli_evangelion.jpg
kaoru_nagisa_evangelion,Каору Нагиса,Евангелион,Обычный,media/cards/kaoru_nagisa_evangelion.jpg
misato_katsuragi_evangelion,Мисато Кацураги,Евангелион,Обычный,media/cards/misato_katsuragi_evangelion.jpg
rey_ayanami_evangelion,Рей Аянами,Евангелион,Обычный,media/cards/rey_ayanami_evangelion.jpg
sindzi_ikari_evangelion,Синдзи Икари,Евангелион,Обычный,media/cards/sindzi_ikari_evangelion.jpg
devid_martines_kiberpank_beguschie_po_krayu,Дэвид Мартинес,Киберпанк: Бегущие по краю,Обычный,media/cards/devid_martines_kiberpank_beguschie_po_krayu.jpg
lyusi_kiberpank_beguschie_po_krayu,Люси,Киберпанк: Бегущие по краю,Обычный,media/cards/lyusi_kiberpank_beguschie_po_krayu.jpg
meyn_kiberpank_beguschie_po_krayu,Мэйн,Киберпанк: Бегущие по краю,Обычный,media/cards/meyn_kiberpank_beguschie_po_krayu.jpg
rebekka_kiberpank_beguschie_po_krayu,Ребекка,Киберпанк: Бегущие по краю,Обычный,media/cards/rebekka_kiberpank_beguschie_po_krayu.jpg
arisu_sakayangi_klass_prevoshodstva,Арису Сакаянги,Класс превосходства,Обычный,media/cards/arisu_sakayangi_klass_prevoshodstva.jpg
kakeru_ryuen_klass_prevoshodstva,Какеру Рюэн,Класс превосходства,Обычный,media/cards/kakeru_ryuen_klass_prevoshodstva.jpg
kietaka_ayanokodzhi_klass_prevoshodstva,Киётака Аянокоджи,Класс превосходства,Обычный,media/cards/kietaka_ayanokodzhi_klass_prevoshodstva.jpg
sudzune_horikita_klass_prevoshodstva,Судзуне Хорикита,Класс превосходства,Обычный,media/cards/sudzune_horikita_klass_prevoshodstva.jpg
honami_ichinose_klass_prevoshodstva,Хонами Ичиносэ,Класс превосходства,Обычный,media/cards/honami_ichinose_klass_prevoshodstva.jpg
zenitsu_godspeed,Зеницу Агацума,"Клинок, рассекающий демонов",Обычный,media/cards/zenitsu_godspeed.jpg
inosuke,Иноске Хашибира,"Клинок, рассекающий демонов",Обычный,media/cards/inosuke.jpg
muichiro_mark,Муичиро Токито,"Клинок, рассекающий демонов",Обычный,media/cards/muichiro_mark.jpg
nezuko_awakened,Незуко,"Клинок, рассекающий демонов",Обычный,media/cards/nezuko_awakened.jpg
tanjiro_sun,Танджиро Камадо,"Клинок, рассекающий демонов",Обычный,media/cards/tanjiro_sun.jpg
tandzhiro_kamado_metka_i_solnce,Танджиро Камадо,"Клинок, рассекающий демонов",Обычный,media/cards/tandzhiro_kamado_metka_i_solnce.jpg
tanzhiro_ranniy_ohotnik,Танжиро,"Клинок, рассекающий демонов",Обычный,media/cards/tanzhiro_ranniy_ohotnik.jpg
dagon_standartnyy_maksimum,Дагон,Магическая битва,Обычный,media/cards/dagon_standartnyy_maksimum.jpg
jogo,Джого,Магическая битва,Обычный,media/cards/jogo.jpg
dzego_standartnyy_maksimum,Дзёго,Магическая битва,Обычный,media/cards/dzego_standartnyy_maksimum.jpg
itadori_yudzi_standartnyy_maksimum,Итадори Юдзи,Магическая битва,Обычный,media/cards/itadori_yudzi_standartnyy_maksimum.jpg
kashimo_standartnyy_maksimum,Кашимо,Магическая битва,Обычный,media/cards/kashimo_standartnyy_maksimum.jpg
maki_awakened,Маки Зенин,Магическая битва,Обычный,media/cards/maki_awakened.jpg
maki_zenin_standartnyy_maksimum,Маки Зенин,Магическая битва,Обычный,media/cards/maki_zenin_standartnyy_maksimum.jpg
maki_heavenly,Маки Зенин,Магическая битва,Обычный,media/cards/maki_heavenly.jpg
mahito_standartnyy_maksimum,Махито,Магическая битва,Обычный,media/cards/mahito_standartnyy_maksimum.jpg
mahito_domain,Махито,Магическая битва,Обычный,media/cards/mahito_domain.jpg
megumi_base,Мегуми Фушигуро,Магическая битва,Обычный,media/cards/megumi_base.jpg
megumi_domain,Мегуми Фушигуро,Магическая битва,Обычный,media/cards/megumi_domain.jpg
megumi_fushiguro_standartnyy_maksimum,Мегуми Фушигуро,Магическая битва,Обычный,media/cards/megumi_fushiguro_standartnyy_maksimum.jpg
mey_mey_standartnyy_maksimum,Мэй Мэй,Магическая битва,Обычный,media/cards/mey_mey_standartnyy_maksimum.jpg
nanami_standartnyy_maksimum,Нанами,Магическая битва,Обычный,media/cards/nanami_standartnyy_maksimum.jpg
naobito_zenin_standartnyy_maksimum,Наобито Зенин,Магическая битва,Обычный,media/cards/naobito_zenin_standartnyy_maksimum.jpg
nobara,Нобара Кугисаки,Магическая битва,Обычный,media/cards/nobara.jpg
nobara_kugisaki_standartnyy_maksimum,Нобара Кугисаки,Магическая битва,Обычный,media/cards/nobara_kugisaki_standartnyy_maksimum.jpg
panda_standartnyy_maksimum,Панда,Магическая битва,Обычный,media/cards/panda_standartnyy_maksimum.jpg
to_dzi_fushiguro_polnyy_arsenal,То́дзи Фушигуро,Магическая битва,Обычный,media/cards/to_dzi_fushiguro_polnyy_arsenal.jpg
toge_inumaki_standartnyy_maksimum,Тоге Инумаки,Магическая битва,Обычный,media/cards/toge_inumaki_standartnyy_maksimum.jpg
toji_inventory,Тодзи Фушигуро,Магическая битва,Обычный,media/cards/toji_inventory.jpg
todo_aoy_standartnyy_maksimum,Тодо Аой,Магическая битва,Обычный,media/cards/todo_aoy_standartnyy_maksimum.jpg
hakari_standartnyy_maksimum,Хакари,Магическая битва,Обычный,media/cards/hakari_standartnyy_maksimum.jpg
hakari_kindzhi_dzhekpot,Хакари Кинджи,Магическая битва,Обычный,media/cards/hakari_kindzhi_dzhekpot.jpg
hanami_standartnyy_maksimum,Ханами,Магическая битва,Обычный,media/cards/hanami_standartnyy_maksimum.jpg
choso_standartnyy_maksimum,Чосо,Магическая битва,Обычный,media/cards/choso_standartnyy_maksimum.jpg
yuji_base,Юдзи Итадори,Магическая битва,Обычный,media/cards/yuji_base.jpg
yuji_peak,Юдзи Итадори,Магическая битва,Обычный,media/cards/yuji_peak.jpg
yuji_black_flash,Юдзи Итадори,Магическая битва,Обычный,media/cards/yuji_black_flash.jpg
asuna_peak,Асуна,Мастер меча онлайн,Обычный,media/cards/asuna_peak.jpg
kirito_alicization,Кирито,Мастер меча онлайн,Обычный,media/cards/kirito_alicization.jpg
sinon,Синон,Мастер меча онлайн,Обычный,media/cards/sinon.jpg
yohan_libert_monstr,Йохан Либерт,Монстр,Обычный,media/cards/yohan_libert_monstr.jpg
kendzo_tenma_monstr,Кэндзо Тэнма,Монстр,Обычный,media/cards/kendzo_tenma_monstr.jpg
nina_fortner_monstr,Нина Фортнер,Монстр,Обычный,media/cards/nina_fortner_monstr.jpg
roberto_monstr,Роберто,Монстр,Обычный,media/cards/roberto_monstr.jpg
all_for_one_standartnyy_maksimum,All For One,Моя геройская академия,Обычный,media/cards/all_for_one_standartnyy_maksimum.jpg
ayzava_standartnyy_maksimum,Айзава,Моя геройская академия,Обычный,media/cards/ayzava_standartnyy_maksimum.jpg
bakugo_standartnyy_maksimum,Бакуго,Моя геройская академия,Обычный,media/cards/bakugo_standartnyy_maksimum.jpg
vsemoguschiy_standartnyy_maksimum,Всемогущий,Моя геройская академия,Обычный,media/cards/vsemoguschiy_standartnyy_maksimum.jpg
dabi_standartnyy_maksimum,Даби,Моя геройская академия,Обычный,media/cards/dabi_standartnyy_maksimum.jpg
deku_standartnyy_maksimum,Деку,Моя геройская академия,Обычный,media/cards/deku_standartnyy_maksimum.jpg
deku_ofa,Изуку Мидория,Моя геройская академия,Обычный,media/cards/deku_ofa.jpg
bakugo_cluster,Кацуки Бакуго,Моя геройская академия,Редкий,media/cards/bakugo_cluster.jpg
kirishima_standartnyy_maksimum,Киришима,Моя геройская академия,Обычный,media/cards/kirishima_standartnyy_maksimum.jpg
mirko_standartnyy_maksimum,Мирко,Моя геройская академия,Обычный,media/cards/mirko_standartnyy_maksimum.jpg
toga_standartnyy_maksimum,Тога,Моя геройская академия,Обычный,media/cards/toga_standartnyy_maksimum.jpg
todoroki_standartnyy_maksimum,Тодороки,Моя геройская академия,Обычный,media/cards/todoroki_standartnyy_maksimum.jpg
tokoyami_standartnyy_maksimum,Токоями,Моя геройская академия,Обычный,media/cards/tokoyami_standartnyy_maksimum.jpg
houks_standartnyy_maksimum,Хоукс,Моя геройская академия,Обычный,media/cards/houks_standartnyy_maksimum.jpg
shigaraki_standartnyy_maksimum,Шигараки,Моя геройская академия,Обычный,media/cards/shigaraki_standartnyy_maksimum.jpg
todoroki,Шото Тодороки,Моя геройская академия,Обычный,media/cards/todoroki.jpg
endevor_standartnyy_maksimum,Эндевор,Моя геройская академия,Обычный,media/cards/endevor_standartnyy_maksimum.jpg
gaara_war,Гаара,Наруто,Обычный,media/cards/gaara_war.jpg
darui_storm,Даруи,Наруто,Обычный,media/cards/darui_storm.jpg
deidara,Дейдара,Наруто,Обычный,media/cards/deidara.jpg
deydara_c4,Дейдара,Наруто,Обычный,media/cards/deydara_c4.jpg
ino_yamanaka_standartnyy_maksimum,Ино Яманака,Наруто,Обычный,media/cards/ino_yamanaka_standartnyy_maksimum.jpg
ino_war,Ино Яманака,Наруто,Обычный,media/cards/ino_war.jpg
iruka_chunin,Ирука Умино,Наруто,Обычный,media/cards/iruka_chunin.jpg
itachi_young,Итачи Учиха,Наруто,Обычный,media/cards/itachi_young.jpg
itachi_anbu,Итачи Учиха,Наруто,Обычный,media/cards/itachi_anbu.jpg
kabuto_yakushi_rezhim_mudreca,Кабуто Якуши,Наруто,Обычный,media/cards/kabuto_yakushi_rezhim_mudreca.jpg
kakashi_anbu,Какаши Хатаке,Наруто,Обычный,media/cards/kakashi_anbu.jpg
kakashi_war,Какаши Хатаке,Наруто,Обычный,media/cards/kakashi_war.jpg
kakuzu,Какузу,Наруто,Обычный,media/cards/kakuzu.jpg
kankuro_war,Канкуро,Наруто,Обычный,media/cards/kankuro_war.jpg
kiba_inuzuka_standartnyy_maksimum,Киба Инузука,Наруто,Обычный,media/cards/kiba_inuzuka_standartnyy_maksimum.jpg
kiba_akamaru,Киба Инузука,Наруто,Обычный,media/cards/kiba_akamaru.jpg
kimimaro_curse,Кимимаро,Наруто,Эпический,media/cards/kimimaro_curse.jpg
kisame_max,Кисаме Хошигаки,Наруто,Обычный,media/cards/kisame_max.jpg
konan,Конан,Наруто,Обычный,media/cards/konan.jpg
konohamaru_genin,Конохамару Сарутоби,Наруто,Обычный,media/cards/konohamaru_genin.jpg
kushina_chains,Кушина Узумаки,Наруто,Обычный,media/cards/kushina_chains.jpg
mifune_samurai,Мифуне,Наруто,Обычный,media/cards/mifune_samurai.jpg
naruto_academy,Наруто Узумаки,Наруто,Обычный,media/cards/naruto_academy.jpg
naruto_kid,Наруто Узумаки,Наруто,Обычный,media/cards/naruto_kid.jpg
nedzhi_hyuga_standartnyy_maksimum,Неджи Хьюга,Наруто,Обычный,media/cards/nedzhi_hyuga_standartnyy_maksimum.jpg
obito_uchiha_kamuy,Обито Учиха,Наруто,Обычный,media/cards/obito_uchiha_kamuy.jpg
rock_lee,Рок Ли,Наруто,Обычный,media/cards/rock_lee.jpg
rock_lee_base,Рок Ли,Наруто,Обычный,media/cards/rock_lee_base.jpg
rock_lee_gates,Рок Ли,Наруто,Обычный,media/cards/rock_lee_gates.jpg
sakura_haruno_standartnyy_maksimum,Сакура Харуно,Наруто,Обычный,media/cards/sakura_haruno_standartnyy_maksimum.jpg
sasuke_genin,Саске Учиха,Наруто,Обычный,media/cards/sasuke_genin.jpg
sasori,Сасори,Наруто,Обычный,media/cards/sasori.jpg
temari_war,Темари,Наруто,Обычный,media/cards/temari_war.jpg
tobirama,Тобирама Сенджу,Наруто,Обычный,media/cards/tobirama.jpg
hinata_hyuga_standartnyy_maksimum,Хината Хьюга,Наруто,Обычный,media/cards/hinata_hyuga_standartnyy_maksimum.jpg
tsunade,Цунаде,Наруто,Обычный,media/cards/tsunade.jpg
tsunade_byakugo,Цунаде,Наруто,Обычный,media/cards/tsunade_byakugo.jpg
chodzhi_akimichi_standartnyy_maksimum,Чоджи Акимичи,Наруто,Обычный,media/cards/chodzhi_akimichi_standartnyy_maksimum.jpg
choji_butterfly,Чоджи Акимичи,Наруто,Редкий,media/cards/choji_butterfly.jpg
shikamaru_nara_standartnyy_maksimum,Шикамару Нара,Наруто,Обычный,media/cards/shikamaru_nara_standartnyy_maksimum.jpg
shino_aburame_standartnyy_maksimum,Шино Абураме,Наруто,Обычный,media/cards/shino_aburame_standartnyy_maksimum.jpg
shino_aburame,Шино Абураме,Наруто,Редкий,media/cards/shino_aburame.jpg
igris_shadow,Игрис,Поднятие уровня в одиночку,Обычный,media/cards/igris_shadow.jpg
artikuno_standartnyy_maksimum,Артикуно,Покемон,Обычный,media/cards/artikuno_standartnyy_maksimum.jpg
blastoyz_standartnyy_maksimum,Бластойз,Покемон,Обычный,media/cards/blastoyz_standartnyy_maksimum.jpg
venuzavr_standartnyy_maksimum,Венузавр,Покемон,Обычный,media/cards/venuzavr_standartnyy_maksimum.jpg
garchomp_standartnyy_maksimum,Гарчомп,Покемон,Обычный,media/cards/garchomp_standartnyy_maksimum.jpg
gengar_standartnyy_maksimum,Генгар,Покемон,Обычный,media/cards/gengar_standartnyy_maksimum.jpg
greninja_ash,Грениндзя,Покемон,Обычный,media/cards/greninja_ash.jpg
grenindzya_standartnyy_maksimum,Грениндзя,Покемон,Обычный,media/cards/grenindzya_standartnyy_maksimum.jpg
dragonit_standartnyy_maksimum,Драгонит,Покемон,Обычный,media/cards/dragonit_standartnyy_maksimum.jpg
zapdos_standartnyy_maksimum,Запдос,Покемон,Обычный,media/cards/zapdos_standartnyy_maksimum.jpg
inferneyp_standartnyy_maksimum,Инфернейп,Покемон,Обычный,media/cards/inferneyp_standartnyy_maksimum.jpg
lucario,Лукарио,Покемон,Обычный,media/cards/lucario.jpg
lukario_standartnyy_maksimum,Лукарио,Покемон,Обычный,media/cards/lukario_standartnyy_maksimum.jpg
metagross_standartnyy_maksimum,Метагросс,Покемон,Обычный,media/cards/metagross_standartnyy_maksimum.jpg
moltres_standartnyy_maksimum,Молтрес,Покемон,Обычный,media/cards/moltres_standartnyy_maksimum.jpg
pikachu_ash,Пикачу,Покемон,Обычный,media/cards/pikachu_ash.jpg
skeptayl_standartnyy_maksimum,Скептайл,Покемон,Обычный,media/cards/skeptayl_standartnyy_maksimum.jpg
snorlaks_standartnyy_maksimum,Снорлакс,Покемон,Обычный,media/cards/snorlaks_standartnyy_maksimum.jpg
tiranitar_standartnyy_maksimum,Тиранитар,Покемон,Обычный,media/cards/tiranitar_standartnyy_maksimum.jpg
charizard,Чаризард,Покемон,Обычный,media/cards/charizard.jpg
charizard_ash,Чаризард,Покемон,Обычный,media/cards/charizard_ash.jpg
charizard_standartnyy_maksimum,Чаризард,Покемон,Обычный,media/cards/charizard_standartnyy_maksimum.jpg
askeladd_saga_o_vinlande,Аскеладд,Сага о Винланде,Обычный,media/cards/askeladd_saga_o_vinlande.jpg
knud_saga_o_vinlande,Кнуд,Сага о Винланде,Обычный,media/cards/knud_saga_o_vinlande.jpg
torkel_saga_o_vinlande,Торкель,Сага о Винланде,Обычный,media/cards/torkel_saga_o_vinlande.jpg
tors_saga_o_vinlande,Торс,Сага о Винланде,Обычный,media/cards/tors_saga_o_vinlande.jpg
torfinn_saga_o_vinlande,Торфинн,Сага о Винланде,Обычный,media/cards/torfinn_saga_o_vinlande.jpg
anya_fordzher_semya_shpiona,Аня Форджер,Семья шпиона,Обычный,media/cards/anya_fordzher_semya_shpiona.jpg
bond_fordzher_semya_shpiona,Бонд Форджер,Семья шпиона,Обычный,media/cards/bond_fordzher_semya_shpiona.jpg
yor_fordzher_semya_shpiona,Йор Форджер,Семья шпиона,Обычный,media/cards/yor_fordzher_semya_shpiona.jpg
loyd_fordzher_semya_shpiona,Лойд Форджер,Семья шпиона,Обычный,media/cards/loyd_fordzher_semya_shpiona.jpg
yuriy_brayar_semya_shpiona,Юрий Брайар,Семья шпиона,Обычный,media/cards/yuriy_brayar_semya_shpiona.jpg
yoiti_isagi_sinyaya_tyurma,Йоити Исаги,Синяя тюрьма,Обычный,media/cards/yoiti_isagi_sinyaya_tyurma.jpg
meguru_bachira_sinyaya_tyurma,Мэгуру Бачира,Синяя тюрьма,Обычный,media/cards/meguru_bachira_sinyaya_tyurma.jpg
rin_itoshi_sinyaya_tyurma,Рин Итоши,Синяя тюрьма,Обычный,media/cards/rin_itoshi_sinyaya_tyurma.jpg
seyshiro_nagi_sinyaya_tyurma,Сейширо Наги,Синяя тюрьма,Обычный,media/cards/seyshiro_nagi_sinyaya_tyurma.jpg
shoey_baro_sinyaya_tyurma,Шоэй Баро,Синяя тюрьма,Обычный,media/cards/shoey_baro_sinyaya_tyurma.jpg
light_yagami,Лайт Ягами,Death Note,Редкий,media/cards/light_yagami.jpg
layt_yagami_tetrad_smerti,Лайт Ягами,Тетрадь смерти,Обычный,media/cards/layt_yagami_tetrad_smerti.jpg
draken_tokiyskie_mstiteli,Дракен,Токийские мстители,Обычный,media/cards/draken_tokiyskie_mstiteli.jpg
keyske_badzhi_tokiyskie_mstiteli,Кейске Баджи,Токийские мстители,Обычный,media/cards/keyske_badzhi_tokiyskie_mstiteli.jpg
kisaki_tetta_tokiyskie_mstiteli,Кисаки Тетта,Токийские мстители,Обычный,media/cards/kisaki_tetta_tokiyskie_mstiteli.jpg
mayki_tokiyskie_mstiteli,Майки,Токийские мстители,Обычный,media/cards/mayki_tokiyskie_mstiteli.jpg
takemichi_hanagaki_tokiyskie_mstiteli,Такемичи Ханагаки,Токийские мстители,Обычный,media/cards/takemichi_hanagaki_tokiyskie_mstiteli.jpg
kisho_arima_tokiyskiy_gul,Кишо Арима,Токийский гуль,Обычный,media/cards/kisho_arima_tokiyskiy_gul.jpg
ken_kaneki_tokiyskiy_gul,Кэн Канэки,Токийский гуль,Обычный,media/cards/ken_kaneki_tokiyskiy_gul.jpg
touka_kirishima_tokiyskiy_gul,Тоука Киришима,Токийский гуль,Обычный,media/cards/touka_kirishima_tokiyskiy_gul.jpg
eto_yoshimura_tokiyskiy_gul,Это Йошимура,Токийский гуль,Обычный,media/cards/eto_yoshimura_tokiyskiy_gul.jpg
yamori_tokiyskiy_gul,Ямори,Токийский гуль,Обычный,media/cards/yamori_tokiyskiy_gul.jpg
goblin_slayer,Гоблин Слейер,Убийца гоблинов,Обычный,media/cards/goblin_slayer.jpg
zeriya_friren,Зерия,Фрирен,Обычный,media/cards/zeriya_friren.jpg
fern_friren,Ферн,Фрирен,Обычный,media/cards/fern_friren.jpg
friren_friren,Фрирен,Фрирен,Обычный,media/cards/friren_friren.jpg
himmel_friren,Химмель,Фрирен,Обычный,media/cards/himmel_friren.jpg
shtark_friren,Штарк,Фрирен,Обычный,media/cards/shtark_friren.jpg
gon_base,Гон Фрикс,Hunter x Hunter,Обычный,media/cards/gon_base.jpg
killua_godspeed_rare,Киллуа Золдик,Hunter x Hunter,Редкий,media/cards/killua_godspeed_rare.jpg
pitou,Неферпиту,Hunter x Hunter,Обычный,media/cards/pitou.jpg
hisoka,Хисока,Hunter x Hunter,Обычный,media/cards/hisoka.jpg
chrollo_bandits_secret,Хролло Люцифер,Hunter x Hunter,Эпический,media/cards/chrollo_bandits_secret.jpg
natsu_dragon_force,Нацу Драгнил,Хвост Феи,Обычный,media/cards/natsu_dragon_force.jpg
erza_skarlet_arsenal_dospehov,Эрза Скарлет,Хвост Феи,Обычный,media/cards/erza_skarlet_arsenal_dospehov.jpg
keyaru,Кеяру,Маг-целитель: новый старт / Redo of Healer,Обычный,media/cards/keyaru.jpg
aki_hayakava_chelovek_benzopila,Аки Хаякава,Человек-бензопила,Обычный,media/cards/aki_hayakava_chelovek_benzopila.jpg
dendzi_chelovek_benzopila,Дэндзи,Человек-бензопила,Обычный,media/cards/dendzi_chelovek_benzopila.jpg
kishibe_chelovek_benzopila,Кишибе,Человек-бензопила,Обычный,media/cards/kishibe_chelovek_benzopila.jpg
kuansi_chelovek_benzopila,Куанси,Человек-бензопила,Обычный,media/cards/kuansi_chelovek_benzopila.jpg
makima_chelovek_benzopila,Макима,Человек-бензопила,Обычный,media/cards/makima_chelovek_benzopila.jpg
pauer_chelovek_benzopila,Пауэр,Человек-бензопила,Обычный,media/cards/pauer_chelovek_benzopila.jpg
reze_chelovek_benzopila,Резе,Человек-бензопила,Обычный,media/cards/reze_chelovek_benzopila.jpg
asta_black,Аста,Чёрный клевер,Эпический,media/cards/asta_black.jpg
mereoleona,Мереолеона,Чёрный клевер,Обычный,media/cards/mereoleona.jpg
yami,Ями Сукехиро,Чёрный клевер,Обычный,media/cards/yami.jpg
yami_dimension_slash,Ями Сукехиро,Чёрный клевер,Эпический,media/cards/yami_dimension_slash.jpg
yami_sukehiro_temnaya_magiya,Ями Сукэхиро,Чёрный клевер,Редкий,media/cards/yami_sukehiro_temnaya_magiya.jpg
pickle_baki,Пикл,Baki,Редкий,media/cards/pickle_baki.jpg
jabberwock_beelzebub,Джаббервок,Beelzebub,Редкий,media/cards/jabberwock_beelzebub.jpg
oga_tatsumi,Ога Тацуми,Beelzebub,Редкий,media/cards/oga_tatsumi.jpg
zenjuro_saotome,Саотомэ Дзэндзюро,Beelzebub,Редкий,media/cards/zenjuro_saotome.jpg
fu_eksperimenty,Фу,Dragon Ball Heroes,Редкий,media/cards/fu_eksperimenty.jpg
gilgamesh_fate,Гильгамеш,Fate,Редкий,media/cards/gilgamesh_fate.jpg
sefirot_odnokrylyy_angel,Сефирот,Final Fantasy VII,Редкий,media/cards/sefirot_odnokrylyy_angel.jpg
netero_100,Айзек Нетеро,Hunter x Hunter,Редкий,media/cards/netero_100.jpg
kira_bites,Йошикаге Кира,JoJo,Редкий,media/cards/kira_bites.jpg
sinbad,Синдбад,Magi,Редкий,media/cards/sinbad.jpg
sung_jinwoo_legend,Сон Джин-Ву,Solo Leveling,Редкий,media/cards/sung_jinwoo_legend.jpg
armin_colossal,Армин Арлерт,Атака титанов,Редкий,media/cards/armin_colossal.jpg
eren_warhammer,Эрен Йегер,Атака титанов,Редкий,media/cards/eren_warhammer.jpg
baki_hanma_pik_tehniki,Баки Ханма,Баки,Редкий,media/cards/baki_hanma_pik_tehniki.jpg
miyamoto_musasi_duh_mecha,Миямото Мусаси,Баки,Редкий,media/cards/miyamoto_musasi_duh_mecha.jpg
ayzen_soske_hogeku_babochka,Соске Айзен,Блич,Редкий,media/cards/ayzen_soske_hogeku_babochka.jpg
askin_nakk_le_vaar_deathdealing,Аскин Накк Ле Ваар,Блич,Редкий,media/cards/askin_nakk_le_vaar_deathdealing.jpg
barragan_respira,Барраган,Блич,Редкий,media/cards/barragan_respira.jpg
byakuya_bankai,Бякуя Кучики,Блич,Редкий,media/cards/byakuya_bankai.jpg
byakuya_royal,Бякуя Кучики,Блич,Редкий,media/cards/byakuya_royal.jpg
dzherard_valkiriya_miracle,Джерард Валькирия,Блич,Редкий,media/cards/dzherard_valkiriya_miracle.jpg
gerard_valkyrie,Жерар Валькирия,Блич,Редкий,media/cards/gerard_valkyrie.jpg
ichibe_name,Ичибэй Хёсубэ,Блич,Редкий,media/cards/ichibe_name.jpg
ichigo_shikai,Ичиго Куросаки,Блич,Редкий,media/cards/ichigo_shikai.jpg
yoruichi_thunder,Йоруичи Шихоин,Блич,Редкий,media/cards/yoruichi_thunder.jpg
kenpachi_bankai,Кенпачи Зараки,Блич,Редкий,media/cards/kenpachi_bankai.jpg
kenpachi_zaraki_bankay_polnyy_kontrol,Кенпачи Зараки,Блич,Редкий,media/cards/kenpachi_zaraki_bankay_polnyy_kontrol.jpg
urahara_max,Киске Урахара,Блич,Редкий,media/cards/urahara_max.jpg
urahara_bankai,Киске Урахара,Блич,Редкий,media/cards/urahara_bankai.jpg
lille_barro,Лилль Барро,Блич,Редкий,media/cards/lille_barro.jpg
lill_barro_bozhestvennaya_forma,Лилль Барро,Блич,Редкий,media/cards/lill_barro_bozhestvennaya_forma.jpg
mayuri_prep,Маюри Куроцучи,Блич,Редкий,media/cards/mayuri_prep.jpg
pernida_levaya_ruka,Пернида,Блич,Редкий,media/cards/pernida_levaya_ruka.jpg
pernida_compulsory,Пернида Парнкджас,Блич,Редкий,media/cards/pernida_compulsory.jpg
unohana_max,Рецу Унохана,Блич,Редкий,media/cards/unohana_max.jpg
kenpachi_unohana,Рецу Унохана,Блич,Редкий,media/cards/kenpachi_unohana.jpg
rukia_bankai,Рукия Кучики,Блич,Редкий,media/cards/rukia_bankai.jpg
aizen_base,Соске Айзен,Блич,Редкий,media/cards/aizen_base.jpg
starrk_primera,Старрк,Блич,Редкий,media/cards/starrk_primera.jpg
toshiro_mature,Тоширо Хицугая,Блич,Редкий,media/cards/toshiro_mature.jpg
toshiro_hicugaya_vzroslyy_bankay,Тоширо Хицугая,Блич,Редкий,media/cards/toshiro_hicugaya_vzroslyy_bankay.jpg
ulquiorra_segunda,Улькиорра,Блич,Редкий,media/cards/ulquiorra_segunda.jpg
uryu_schrift,Урю Исида,Блич,Редкий,media/cards/uryu_schrift.jpg
shunsui_bankai,Шунсуй Кёраку,Блич,Редкий,media/cards/shunsui_bankai.jpg
jugram_balance,Юграм Хашвальт,Блич,Редкий,media/cards/jugram_balance.jpg
yamamoto_bankai,Ямамото,Блич,Редкий,media/cards/yamamoto_bankai.jpg
yamamoto_genryusay_bankay,Ямамото Генрюсай,Блич,Редкий,media/cards/yamamoto_genryusay_bankay.jpg
boruto_karma,Боруто Узумаки,Боруто,Редкий,media/cards/boruto_karma.jpg
boruto_momo,Боруто Узумаки,Боруто,Редкий,media/cards/boruto_momo.jpg
boruto_tbv,Боруто Узумаки,Боруто,Редкий,media/cards/boruto_tbv.jpg
boruto_uzumaki_dzhogan_probuzhden,Боруто Узумаки,Боруто,Редкий,media/cards/boruto_uzumaki_dzhogan_probuzhden.jpg
deymon_otrazhenie,Деймон,Боруто,Редкий,media/cards/deymon_otrazhenie.jpg
daemon_boruto,Деймон,Боруто,Редкий,media/cards/daemon_boruto.jpg
daemon,Дэймон,Боруто,Редкий,media/cards/daemon.jpg
kawaki_karma,Каваки,Боруто,Редкий,media/cards/kawaki_karma.jpg
kavaki_karma_ishshiki,Каваки,Боруто,Редкий,media/cards/kavaki_karma_ishshiki.jpg
kavaki_isshiki_karma,Каваки,Боруто,Редкий,media/cards/kavaki_isshiki_karma.jpg
kashin_koji_sage,Кашин Коджи,Боруто,Редкий,media/cards/kashin_koji_sage.jpg
kinshiki,Киншики Оцуцуки,Боруто,Редкий,media/cards/kinshiki.jpg
code_limiter,Код,Боруто,Редкий,media/cards/code_limiter.jpg
code_no_limiter,Код,Боруто,Редкий,media/cards/code_no_limiter.jpg
kod_bez_limiterov,Код,Боруто,Редкий,media/cards/kod_bez_limiterov.jpg
momoshiki,Момошики Оцуцуки,Боруто,Редкий,media/cards/momoshiki.jpg
momoshiki_fused,Момошики Оцуцуки,Боруто,Редкий,media/cards/momoshiki_fused.jpg
toneri,Тонери Оцуцуки,Боруто,Редкий,media/cards/toneri.jpg
urashiki_otsutsuki,Урашики Оцуцуки,Боруто,Редкий,media/cards/urashiki_otsutsuki.jpg
eida,Эйда,Боруто,Редкий,media/cards/eida.jpg
eyda_senrigan,Эйда,Боруто,Редкий,media/cards/eyda_senrigan.jpg
aokiji,Аокидзи,One Piece / Ван-Пис,Редкий,media/cards/aokiji.jpg
boa,Боа Хэнкок,One Piece / Ван-Пис,Редкий,media/cards/boa.jpg
roger_prime,Гол Д. Роджер,One Piece / Ван-Пис,Редкий,media/cards/roger_prime.jpg
doflamingo,Дофламинго,One Piece / Ван-Пис,Редкий,media/cards/doflamingo.jpg
katakuri_peak,Катакури,One Piece / Ван-Пис,Редкий,media/cards/katakuri_peak.jpg
garp_prime,Монки Д. Гарп,One Piece / Ван-Пис,Редкий,media/cards/garp_prime.jpg
sabo,Сабо,One Piece / Ван-Пис,Редкий,media/cards/sabo.jpg
law_puncture_wille,Трафальгар Ло,One Piece / Ван-Пис,Эпический,media/cards/law_puncture_wille.jpg
whitebeard_prime,Эдвард Ньюгейт,One Piece / Ван-Пис,Легендарный,media/cards/whitebeard_prime.jpg
kid_awakened,Юстасс Кид,One Piece / Ван-Пис,Редкий,media/cards/kid_awakened.jpg
akainu,Акаину,One Piece / Ван-Пис,Редкий,media/cards/akainu.jpg
akainu_magma_admiral,Акаину,One Piece / Ван-Пис,Редкий,media/cards/akainu_magma_admiral.jpg
big_mam_polnaya_mosch,Биг Мам,One Piece / Ван-Пис,Редкий,media/cards/big_mam_polnaya_mosch.jpg
bigmom_soul,Биг Мам,One Piece / Ван-Пис,Редкий,media/cards/bigmom_soul.jpg
big_mam_imperatrica,Биг Мам,One Piece / Ван-Пис,Редкий,media/cards/big_mam_imperatrica.jpg
garp_galaxy,Гарп,One Piece / Ван-Пис,Редкий,media/cards/garp_galaxy.jpg
doflamingo_awakened,Дофламинго,One Piece / Ван-Пис,Редкий,media/cards/doflamingo_awakened.jpg
kaido_dragon,Кайдо,One Piece / Ван-Пис,Редкий,media/cards/kaido_dragon.jpg
kaido_hybrid,Кайдо,One Piece / Ван-Пис,Редкий,media/cards/kaido_hybrid.jpg
kizaru,Кизару,One Piece / Ван-Пис,Редкий,media/cards/kizaru.jpg
king_standartnyy_maksimum,Кинг,One Piece / Ван-Пис,Редкий,media/cards/king_standartnyy_maksimum.jpg
luffy_gear2,Монки Д. Луффи,One Piece / Ван-Пис,Редкий,media/cards/luffy_gear2.jpg
marshall_d_tich_dve_sily,Маршалл Д. Тич,One Piece / Ван-Пис,Редкий,media/cards/marshall_d_tich_dve_sily.jpg
blackbeard_yami_gura_legend,Маршалл Д. Тич,One Piece / Ван-Пис,Редкий,media/cards/blackbeard_yami_gura_legend.jpg
mihawk,Михоук,One Piece / Ван-Пис,Редкий,media/cards/mihawk.jpg
mihouk_silneyshiy_mechnik,Михоук,One Piece / Ван-Пис,Редкий,media/cards/mihouk_silneyshiy_mechnik.jpg
rodzher_korol_piratov,Роджер,One Piece / Ван-Пис,Редкий,media/cards/rodzher_korol_piratov.jpg
zoro_wano,Ророноа Зоро,One Piece / Ван-Пис,Редкий,media/cards/zoro_wano.jpg
sanji_ifrit,Санджи,One Piece / Ван-Пис,Редкий,media/cards/sanji_ifrit.jpg
law_awakening,Трафальгар Ло,One Piece / Ван-Пис,Редкий,media/cards/law_awakening.jpg
blackbeard_dual,Чёрная Борода,One Piece / Ван-Пис,Редкий,media/cards/blackbeard_dual.jpg
blackbeard_two_fruits,Маршалл Д. Тич,One Piece / Ван-Пис,Легендарный,media/cards/blackbeard_two_fruits.jpg
shanks_wifi_haki,Шанкс,One Piece / Ван-Пис,Легендарный,media/cards/shanks_wifi_haki.jpg
kid_awakening,Юстасс Кид,One Piece / Ван-Пис,Редкий,media/cards/kid_awakening.jpg
blast,Бласт,Ванпанчмен,Редкий,media/cards/blast.jpg
blast_portaly,Бласт,Ванпанчмен,Редкий,media/cards/blast_portaly.jpg
boros_meteoric,Борос,Ванпанчмен,Редкий,media/cards/boros_meteoric.jpg
boros_meteoric_legend,Борос,Ванпанчмен,Легендарный,media/cards/boros_meteoric_legend.jpg
garou_monster,Гаро,Ванпанчмен,Редкий,media/cards/garou_monster.jpg
garou_cosmic,Гаро,Ванпанчмен,Редкий,media/cards/garou_cosmic.jpg
garou_kosmicheskiy_strah,Гароу,Ванпанчмен,Редкий,media/cards/garou_kosmicheskiy_strah.jpg
king,Кинг,Ванпанчмен,Эпический,media/cards/king.jpg
serebryanyy_klyk_pik_mastera,Серебряный Клык,Ванпанчмен,Редкий,media/cards/serebryanyy_klyk_pik_mastera.jpg
tatsumaki,Татсумаки,Ванпанчмен,Редкий,media/cards/tatsumaki.jpg
tatsumaki_psihicheskiy_maksimum,Татсумаки,Ванпанчмен,Редкий,media/cards/tatsumaki_psihicheskiy_maksimum.jpg
tatsumaki_full,Тацумакі,Ванпанчмен,Редкий,media/cards/tatsumaki_full.jpg
simon_ttgl,Симон,Гуррен-Лаганн,Редкий,media/cards/simon_ttgl.jpg
simon_gurren_legend,Симон,Гуррен-Лаганн,Редкий,media/cards/simon_gurren_legend.jpg
giorno_ger_legend,Джорно Джованна,JoJo,Легендарный,media/cards/giorno_ger_legend.jpg
jotaro_star,Джотаро Куджо,JoJo,Редкий,media/cards/jotaro_star.jpg
diavolo,Диаволо,JoJo,Редкий,media/cards/diavolo.jpg
dio_the_world,Дио Брандо,JoJo,Легендарный,media/cards/dio_the_world.jpg
kars_ultimate,Карс,JoJo,Редкий,media/cards/kars_ultimate.jpg
pucci_mih,Энрико Пуччи,JoJo,Редкий,media/cards/pucci_mih.jpg
broli_legendarnyy_super_sayyan,Броли,Dragon Ball,Редкий,media/cards/broli_legendarnyy_super_sayyan.jpg
vegeta_base,Вегета,Dragon Ball,Редкий,media/cards/vegeta_base.jpg
gasp_maksimum_zhelaniya,Гасп,Dragon Ball,Редкий,media/cards/gasp_maksimum_zhelaniya.jpg
goku_base,Гоку,Dragon Ball,Редкий,media/cards/goku_base.jpg
gohan_beast,Гохан,Dragon Ball,Легендарный,media/cards/gohan_beast.jpg
granola_zhelanie_sily,Гранола,Dragon Ball,Редкий,media/cards/granola_zhelanie_sily.jpg
jiren_full,Джирен,Dragon Ball,Редкий,media/cards/jiren_full.jpg
dzhiren_predel_sily,Джирен,Dragon Ball,Редкий,media/cards/dzhiren_predel_sily.jpg
dzhiren_polnaya_moshch_bez_broni,Джирен,Dragon Ball,Редкий,media/cards/dzhiren_polnaya_moshch_bez_broni.jpg
kefla_super_saiyan_2,Кефла,Dragon Ball,Редкий,media/cards/kefla_super_saiyan_2.jpg
frieza_final,Фриза,Dragon Ball,Редкий,media/cards/frieza_final.jpg
golden_frieza,Фриза,Dragon Ball,Редкий,media/cards/golden_frieza.jpg
friza_golden_frieza,Фриза,Dragon Ball,Редкий,media/cards/friza_golden_frieza.jpg
akaza,Аказа,"Клинок, рассекающий демонов",Редкий,media/cards/akaza.jpg
doma,Доума,"Клинок, рассекающий демонов",Редкий,media/cards/doma.jpg
muzan_kibucudzi_polnaya_demonicheskaya_forma,Музан Кибуцудзи,"Клинок, рассекающий демонов",Редкий,media/cards/muzan_kibucudzi_polnaya_demonicheskaya_forma.jpg
lelush_lamperuzh_imperatorskiy_gias,Лелуш Ламперуж,Код Гиас,Редкий,media/cards/lelush_lamperuzh_imperatorskiy_gias.jpg
lelouch_geass,Лелуш Ламперуж,Code Geass,Эпический,media/cards/lelouch_geass.jpg
lelush_lamperuzh_imperatorskiy_geass,Лелуш Ламперуж,Код Гиасс,Редкий,media/cards/lelush_lamperuzh_imperatorskiy_geass.jpg
kenjaku,Кенджаку,Магическая битва,Редкий,media/cards/kenjaku.jpg
kenjaku_brain_epic,Кенджаку,Магическая битва,Эпический,media/cards/kenjaku_brain_epic.jpg
kendzhaku_tysyacheletniy_plan,Кэнджаку,Магическая битва,Редкий,media/cards/kendzhaku_tysyacheletniy_plan.jpg
maki_peak,Маки Зенин,Магическая битва,Редкий,media/cards/maki_peak.jpg
mahito,Махито,Магическая битва,Редкий,media/cards/mahito.jpg
mahoraga_adaptation,Махорага,Магическая битва,Легендарный,media/cards/mahoraga_adaptation.jpg
megumi_mahoraga,Мегуми Фушигуро,Магическая битва,Редкий,media/cards/megumi_mahoraga.jpg
gojo_student,Сатору Годзё,Магическая битва,Редкий,media/cards/gojo_student.jpg
geto,Сугуру Гето,Магическая битва,Редкий,media/cards/geto.jpg
toji_full,Тодзи Фушигуро,Магическая битва,Редкий,media/cards/toji_full.jpg
hakari_jackpot,Хакари,Магическая битва,Редкий,media/cards/hakari_jackpot.jpg
yuki_cukumo_zvezdnaya_yarost,Юки Цукумо,Магическая битва,Редкий,media/cards/yuki_cukumo_zvezdnaya_yarost.jpg
yuta_rika,Юта Оккоцу,Магическая битва,Редкий,media/cards/yuta_rika.jpg
yuta_okkocu_polnaya_rika,Юта Оккоцу,Магическая битва,Редкий,media/cards/yuta_okkocu_polnaya_rika.jpg
yuta_rika_full,Юта Оккоцу,Магическая битва,Редкий,media/cards/yuta_rika_full.jpg
all_for_one,Все За Одного,Моя геройская академия,Редкий,media/cards/all_for_one.jpg
all_might_prime,Всемогущий,Моя геройская академия,Эпический,media/cards/all_might_prime.jpg
deku_gearshift,Изуку Мидория,Моя геройская академия,Редкий,media/cards/deku_gearshift.jpg
shigaraki_awakened,Томура Шигараки,Моя геройская академия,Редкий,media/cards/shigaraki_awakened.jpg
asuma_sarutobi_standartnyy_maksimum,Асумa Сарутоби,Наруто,Редкий,media/cards/asuma_sarutobi_standartnyy_maksimum.jpg
darui_standartnyy_maksimum,Даруи,Наруто,Редкий,media/cards/darui_standartnyy_maksimum.jpg
jiraiya_sage,Джирайя,Наруто,Редкий,media/cards/jiraiya_sage.jpg
itachi_akatsuki,Итачи Учиха,Наруто,Редкий,media/cards/itachi_akatsuki.jpg
itachi_edo_legend,Итачи Учиха,Наруто,Эпический,media/cards/itachi_edo_legend.jpg
kakashi_dms,Какаши Хатаке,Наруто,Эпический,media/cards/kakashi_dms.jpg
killer_bee,Киллер Би,Наруто,Редкий,media/cards/killer_bee.jpg
killer_bi_standartnyy_maksimum,Киллер Би,Наруто,Редкий,media/cards/killer_bi_standartnyy_maksimum.jpg
kurenay_standartnyy_maksimum,Куренай,Наруто,Редкий,media/cards/kurenay_standartnyy_maksimum.jpg
madara_ems,Мадара Учиха,Наруто,Эпический,media/cards/madara_ems.jpg
madara_edo,Мадара Учиха,Наруто,Эпический,media/cards/madara_edo.jpg
madara_rinnegan,Мадара Учиха,Наруто,Эпический,media/cards/madara_rinnegan.jpg
might_guy_7,Майт Гай,Наруто,Редкий,media/cards/might_guy_7.jpg
might_guy_8,Майт Гай,Наруто,Редкий,media/cards/might_guy_8.jpg
minato_alive,Минато Намикадзе,Наруто,Редкий,media/cards/minato_alive.jpg
minato_base,Минато Намикадзе,Наруто,Редкий,media/cards/minato_base.jpg
minato_kcm,Минато Намикадзе,Наруто,Легендарный,media/cards/minato_kcm.jpg
minato_namikadze_kurama_chakra_mod,Минато Намикадзе,Наруто,Редкий,media/cards/minato_namikadze_kurama_chakra_mod.jpg
minato_kcm_legend,Минато Намикадзе,Наруто,Редкий,media/cards/minato_kcm_legend.jpg
mey_terumi_standartnyy_maksimum,Мэй Теруми,Наруто,Редкий,media/cards/mey_terumi_standartnyy_maksimum.jpg
nagato_edo,Нагато,Наруто,Редкий,media/cards/nagato_edo.jpg
naruto_uzumaki_chetyrehhvostyy_pokrov,Наруто Узумаки,Наруто,Редкий,media/cards/naruto_uzumaki_chetyrehhvostyy_pokrov.jpg
obito_masked,Обито Учиха,Наруто,Редкий,media/cards/obito_masked.jpg
obito_juubito_legend,Обито Учиха,Наруто,Легендарный,media/cards/obito_juubito_legend.jpg
onoki_standartnyy_maksimum,Оноки,Наруто,Редкий,media/cards/onoki_standartnyy_maksimum.jpg
orochimaru,Орочимару,Наруто,Редкий,media/cards/orochimaru.jpg
pain_six_paths,Пейн,Наруто,Редкий,media/cards/pain_six_paths.jpg
say_standartnyy_maksimum,Сай,Наруто,Редкий,media/cards/say_standartnyy_maksimum.jpg
sasuke_curse,Саске Учиха,Наруто,Редкий,media/cards/sasuke_curse.jpg
sasuke_hebi,Саске Учиха,Наруто,Редкий,media/cards/sasuke_hebi.jpg
saske_uchiha_proklyataya_pechat,Саске Учиха,Наруто,Редкий,media/cards/saske_uchiha_proklyataya_pechat.jpg
tobirama_sendzhu_pik_hokage,Тобирама Сенджу,Наруто,Редкий,media/cards/tobirama_sendzhu_pik_hokage.jpg
hashirama_sage_mode,Хаширама Сенджу,Наруто,Легендарный,media/cards/hashirama_sage_mode.jpg
chetvertyy_raykage_standartnyy_maksimum,Четвёртый Райкаге,Наруто,Редкий,media/cards/chetvertyy_raykage_standartnyy_maksimum.jpg
shisui_koto,Шисуи Учиха,Наруто,Редкий,media/cards/shisui_koto.jpg
yamato_standartnyy_maksimum,Ямато,Наруто,Редкий,media/cards/yamato_standartnyy_maksimum.jpg
beru_shadow,Беру,Поднятие уровня в одиночку,Редкий,media/cards/beru_shadow.jpg
sung_jinwoo_shadow,Сон Джин-Ву,Поднятие уровня в одиночку,Редкий,media/cards/sung_jinwoo_shadow.jpg
arseus_1000_ruk,Арсеус,Покемон,Редкий,media/cards/arseus_1000_ruk.jpg
zacian_crowned_sword,Зациан,Покемон,Редкий,media/cards/zacian_crowned_sword.jpg
lugia,Лугия,Покемон,Редкий,media/cards/lugia.jpg
myutu_mega_x_y,Мьюту,Покемон,Редкий,media/cards/myutu_mega_x_y.jpg
rayquaza,Рейкваза,Покемон,Редкий,media/cards/rayquaza.jpg
rayquaza_mega,Рейкваза,Покемон,Редкий,media/cards/rayquaza_mega.jpg
reykvaza_mega_forma,Рейкваза,Покемон,Редкий,media/cards/reykvaza_mega_forma.jpg
eternatus_eternamax,Этернатус,Покемон,Редкий,media/cards/eternatus_eternamax.jpg
darkrai,Даркрай,Покемон: фильм,Редкий,media/cards/darkrai.jpg
deoxys,Деоксис,Покемон: фильм,Редкий,media/cards/deoxys.jpg
sailor_moon_cosmos,Сейлор Мун,Сейлор Мун,Редкий,media/cards/sailor_moon_cosmos.jpg
ban_posle_chistilischa,Бан,Семь смертных грехов,Редкий,media/cards/ban_posle_chistilischa.jpg
eskanor_the_one_ultimate,Эсканор,Семь смертных грехов,Редкий,media/cards/eskanor_the_one_ultimate.jpg
ryuk,Рюк,Тетрадь смерти,Редкий,media/cards/ryuk.jpg
gon_adult,Гон Фрикс,Hunter x Hunter,Редкий,media/cards/gon_adult.jpg
netero,Исаак Нетеро,Hunter x Hunter,Редкий,media/cards/netero.jpg
kurapika,Курапика,Hunter x Hunter,Редкий,media/cards/kurapika.jpg
meruem,Меруэм,Hunter x Hunter,Редкий,media/cards/meruem.jpg
acnologia_dragon_legend,Акнология,Хвост Феи,Легендарный,media/cards/acnologia_dragon_legend.jpg
acnologia_dragon,Акнология,Хвост Феи,Редкий,media/cards/acnologia_dragon.jpg
aknologiya_pozhiratel_magii,Акнология,Хвост Феи,Редкий,media/cards/aknologiya_pozhiratel_magii.jpg
zeref,Зереф,Хвост Феи,Редкий,media/cards/zeref.jpg
natsu_fire_dragon_king,Нацу Драгнил,Хвост Феи,Эпический,media/cards/natsu_fire_dragon_king.jpg
asta_devil_union_legend,Аста,Чёрный клевер,Легендарный,media/cards/asta_devil_union_legend.jpg
asta_dyavolskiy_soyuz,Аста,Чёрный клевер,Редкий,media/cards/asta_dyavolskiy_soyuz.jpg
yuno_star,Юно,Чёрный клевер,Редкий,media/cards/yuno_star.jpg
yuno_star_magic,Юно,Чёрный клевер,Эпический,media/cards/yuno_star_magic.jpg
behemoth_beelzebub,Бегемот,Beelzebub,Эпический,media/cards/behemoth_beelzebub.jpg
furuichi_mythic_joke,Фуруичи Такаюки,Beelzebub,Эпический,media/cards/furuichi_mythic_joke.jpg
black_beast_blazblue,Чёрный Зверь,BlazBlue: Alter Memory,Эпический,media/cards/black_beast_blazblue.jpg
lelouch_geass_legend,Лелуш Ламперуж,Code Geass,Эпический,media/cards/lelouch_geass_legend.jpg
jiren_no_armor,Джирин,Dragon Ball,Эпический,media/cards/jiren_no_armor.jpg
demigra_demon_bog,Демигра,Dragon Ball Heroes,Эпический,media/cards/demigra_demon_bog.jpg
mechikabura,Мечикабура,Dragon Ball Heroes,Эпический,media/cards/mechikabura.jpg
mechikabura_temnyy_korol,Мечикабура,Dragon Ball Heroes,Эпический,media/cards/mechikabura_temnyy_korol.jpg
fu,Фу,Dragon Ball Heroes,Эпический,media/cards/fu.jpg
hearts,Хартс,Dragon Ball Heroes,Эпический,media/cards/hearts.jpg
jotaro_time_stop,Джотаро Куджо,JoJo,Эпический,media/cards/jotaro_time_stop.jpg
sinbad_sacred_palace,Синбад,Magi,Эпический,media/cards/sinbad_sacred_palace.jpg
saiki,Кусуо Сайки,Saiki Kusuo,Эпический,media/cards/saiki.jpg
kami_tenchi,Ками Тэнчи,Tenchi Muyo,Мифический,SKIPPED_MYTHIC_MANUAL_GIF
eren_founder,Эрен Йегер,Атака титанов,Эпический,media/cards/eren_founder.jpg
eren_yeger_finalnyy_osnovatel,Эрен Йегер,Атака титанов,Эпический,media/cards/eren_yeger_finalnyy_osnovatel.jpg
yudziro_hanma_demon_spina,Юдзиро Ханма,Баки,Эпический,media/cards/yudziro_hanma_demon_spina.jpg
gremmi_tumo_voobrazhenie,Гремми Тумо,Блич,Эпический,media/cards/gremmi_tumo_voobrazhenie.jpg
gerard_miracle,Джерард Валькирия,Блич,Эпический,media/cards/gerard_miracle.jpg
ichigo_bankai,Ичиго Куросаки,Блич,Эпический,media/cards/ichigo_bankai.jpg
soul_king,Король Душ,Блич,Эпический,media/cards/soul_king.jpg
korol_dush_osnova_mirov,Король Душ,Блич,Эпический,media/cards/korol_dush_osnova_mirov.jpg
aizen_butterfly,Соске Айзен,Блич,Мифический,SKIPPED_MYTHIC_MANUAL_GIF
yhwach_almighty,Юхабах,Блич,Мифический,SKIPPED_MYTHIC_MANUAL_GIF
isshiki,Исшики Оцуцуки,Боруто,Эпический,media/cards/isshiki.jpg
ishshiki_ocucuki_pik_formy,Ишшики Оцуцуки,Боруто,Эпический,media/cards/ishshiki_ocucuki_pik_formy.jpg
urashiki,Урашики Оцуцуки,Боруто,Эпический,media/cards/urashiki.jpg
beloborodyy_pik_formy,Белобородый,One Piece / Ван-Пис,Эпический,media/cards/beloborodyy_pik_formy.jpg
beloborodyy_pik_molodosti,Белобородый,One Piece / Ван-Пис,Эпический,media/cards/beloborodyy_pik_molodosti.jpg
big_mom,Биг Мам,One Piece / Ван-Пис,Эпический,media/cards/big_mom.jpg
kizaru_light,Кидзару,One Piece / Ван-Пис,Эпический,media/cards/kizaru_light.jpg
luffy_gear4,Монки Д. Луффи,One Piece / Ван-Пис,Эпический,media/cards/luffy_gear4.jpg
luffi_gear_fourth,Монки Д. Луффи,One Piece / Ван-Пис,Эпический,media/cards/luffi_gear_fourth.jpg
shanks_pik_haki,Шанкс,One Piece / Ван-Пис,Эпический,media/cards/shanks_pik_haki.jpg
blast_portaly_izmereniy,Бласт,Ванпанчмен,Эпический,media/cards/blast_portaly_izmereniy.jpg
tacumak_pikovaya_psionika,Тацумакі,Ванпанчмен,Эпический,media/cards/tacumak_pikovaya_psionika.jpg
antispiral_multivselennaya,Антиспираль,Гуррен-Лаганн,Эпический,media/cards/antispiral_multivselennaya.jpg
broly_lssj,Броли,Dragon Ball,Эпический,media/cards/broly_lssj.jpg
vegito_blue,Вегито,Dragon Ball,Эпический,media/cards/vegito_blue.jpg
grand_priest,Великий Жрец,Dragon Ball,Мифический,SKIPPED_MYTHIC_MANUAL_GIF
velikiy_zhrec_angel,Великий Жрец,Dragon Ball,Легендарный,media/cards/velikiy_zhrec_angel.jpg
goku_ssj,Гоку,Dragon Ball,Эпический,media/cards/goku_ssj.jpg
goku_super_sayyan,Гоку,Dragon Ball,Эпический,media/cards/goku_super_sayyan.jpg
zamasu_fused,Замасу,Dragon Ball,Эпический,media/cards/zamasu_fused.jpg
zamasu_bessmertnyy,Замасу,Dragon Ball,Эпический,media/cards/zamasu_bessmertnyy.jpg
moro_pogloshchenie_energii,Моро,Dragon Ball,Эпический,media/cards/moro_pogloshchenie_energii.jpg
piccolo_orange,Пикколо,Dragon Ball,Эпический,media/cards/piccolo_orange.jpg
toppo_bog_razrusheniya,Топпо,Dragon Ball,Эпический,media/cards/toppo_bog_razrusheniya.jpg
frieza_black,Фриза,Dragon Ball,Легендарный,media/cards/frieza_black.jpg
hit_time_skip,Хит,Dragon Ball,Эпический,media/cards/hit_time_skip.jpg
cell_max,Селл Макс,Драгонболл: фильм,Эпический,media/cards/cell_max.jpg
kokushibo,Кокушибо,"Клинок, рассекающий демонов",Эпический,media/cards/kokushibo.jpg
rengoku,Кёджуро Ренгоку,"Клинок, рассекающий демонов",Эпический,media/cards/rengoku.jpg
muzan,Мудзан Кибуцудзи,"Клинок, рассекающий демонов",Эпический,media/cards/muzan.jpg
yoriichi_zero,Ёриичи Цугикуни,"Клинок, рассекающий демонов",Эпический,media/cards/yoriichi_zero.jpg
eriichi_cugikuni_pik_dyhaniya_solnca,Ёриичи Цугикуни,"Клинок, рассекающий демонов",Эпический,media/cards/eriichi_cugikuni_pik_dyhaniya_solnca.jpg
muzan_final,Музан Кибуцудзи,"Клинок, рассекающий демонов",Эпический,media/cards/muzan_final.jpg
rengoku_kedzhuro_plamya_hashira,Ренгоку Кёджуро,"Клинок, рассекающий демонов",Эпический,media/cards/rengoku_kedzhuro_plamya_hashira.jpg
kendzyaku_pik_planov,Кэндзяку,Магическая битва,Эпический,media/cards/kendzyaku_pik_planov.jpg
deydara_standartnyy_maksimum,Дейдара,Наруто,Эпический,media/cards/deydara_standartnyy_maksimum.jpg
dzhirayya_standartnyy_maksimum,Джирайя,Наруто,Эпический,media/cards/dzhirayya_standartnyy_maksimum.jpg
kaguya_otsutsuki,Кагуя Оцуцуки,Наруто,Эпический,media/cards/kaguya_otsutsuki.jpg
kakuzu_standartnyy_maksimum,Какузу,Наруто,Эпический,media/cards/kakuzu_standartnyy_maksimum.jpg
kisame_hoshigaki_standartnyy_maksimum,Кисаме Хошигаки,Наруто,Эпический,media/cards/kisame_hoshigaki_standartnyy_maksimum.jpg
konan_standartnyy_maksimum,Конан,Наруто,Эпический,media/cards/konan_standartnyy_maksimum.jpg
naruto_sage,Наруто Узумаки,Наруто,Эпический,media/cards/naruto_sage.jpg
naruto_uzumaki_kurama_mod,Наруто Узумаки,Наруто,Эпический,media/cards/naruto_uzumaki_kurama_mod.jpg
orochimaru_standartnyy_maksimum,Орочимару,Наруто,Эпический,media/cards/orochimaru_standartnyy_maksimum.jpg
sasuke_ems,Саске Учиха,Наруто,Эпический,media/cards/sasuke_ems.jpg
sasuke_ms,Саске Учиха,Наруто,Эпический,media/cards/sasuke_ms.jpg
saske_uchiha_mangeke,Саске Учиха,Наруто,Эпический,media/cards/saske_uchiha_mangeke.jpg
sasori_standartnyy_maksimum,Сасори,Наруто,Эпический,media/cards/sasori_standartnyy_maksimum.jpg
hagoromo,Хагоромо Оцуцуки,Наруто,Эпический,media/cards/hagoromo.jpg
hamura,Хамура Оцуцуки,Наруто,Эпический,media/cards/hamura.jpg
hamura_ocucuki_pik_ocucuki,Хамура Оцуцуки,Наруто,Эпический,media/cards/hamura_ocucuki_pik_ocucuki.jpg
hamura_otsutsuki,Хамура Оцуцуки,Наруто,Эпический,media/cards/hamura_otsutsuki.jpg
hidan_standartnyy_maksimum,Хидан,Наруто,Эпический,media/cards/hidan_standartnyy_maksimum.jpg
cunade_standartnyy_maksimum,Цунаде,Наруто,Эпический,media/cards/cunade_standartnyy_maksimum.jpg
giratina,Гиратина,Покемон,Эпический,media/cards/giratina.jpg
mewtwo,Мьюту,Покемон,Эпический,media/cards/mewtwo.jpg
palkia,Палкия,Покемон,Эпический,media/cards/palkia.jpg
meliodas_korol_demonov,Мелиодас,Семь смертных грехов,Эпический,media/cards/meliodas_korol_demonov.jpg
meliodas_assault,Мелиодас,Семь смертных грехов,Эпический,media/cards/meliodas_assault.jpg
escanor_one,Эсканор,Семь смертных грехов,Эпический,media/cards/escanor_one.jpg
zeref_black,Зереф,Хвост Феи,Легендарный,media/cards/zeref_black.jpg
alukard_uroven_0,Алукард,Хеллсинг,Эпический,media/cards/alukard_uroven_0.jpg
lucius,Люциус Зогратис,Чёрный клевер,Эпический,media/cards/lucius.jpg
lyucius_zogratis_magiya_vremeni_i_dushi,Люциус Зогратис,Чёрный клевер,Эпический,media/cards/lyucius_zogratis_magiya_vremeni_i_dushi.jpg
lucius_zogratis,Люциус Зогратис,Чёрный клевер,Эпический,media/cards/lucius_zogratis.jpg
lucifero,Люциферо,Чёрный клевер,Эпический,media/cards/lucifero.jpg
julius_time,Юлиус Новахроно,Чёрный клевер,Легендарный,media/cards/julius_time.jpg
vegeta_ultra_ego_mythic,Вегета,Dragon Ball,Легендарный,media/cards/vegeta_ultra_ego_mythic.jpg
goku_mui_complete,Гоку,Dragon Ball,Легендарный,media/cards/goku_mui_complete.jpg
goku_blek_super_saiyan_ros_3,Гоку Блэк,Dragon Ball Heroes,Мифический,SKIPPED_MYTHIC_MANUAL_GIF
xeno_vegeta,Вегета,Dragon Ball GT,Эпический,media/cards/xeno_vegeta.jpg
kseno_vegeta_limit_breaker,Вегета,Dragon Ball Heroes,Легендарный,media/cards/kseno_vegeta_limit_breaker.jpg
xeno_goku,Гоку,Dragon Ball GT,Эпический,media/cards/xeno_goku.jpg
kseno_goku_super_saiyan_4_limit_breaker,Ксено Гоку,Dragon Ball Heroes,Мифический,SKIPPED_MYTHIC_MANUAL_GIF
xeno_goku_black_rose3,Ксено Гоку Блэк,Dragon Ball Heroes,Мифический,SKIPPED_MYTHIC_MANUAL_GIF
ichigo_vasto,Ичиго Куросаки,Блич,Легендарный,media/cards/ichigo_vasto.jpg
ichigo_true_bankai,Ичиго Куросаки,Блич,Легендарный,media/cards/ichigo_true_bankai.jpg
ichigo_kurosaki_finalnyy_gecuga,Ичиго Куросаки,Блич,Легендарный,media/cards/ichigo_kurosaki_finalnyy_gecuga.jpg
ichigo_final_getsuga_mythic,Ичиго Куросаки,Блич,Легендарный,media/cards/ichigo_final_getsuga_mythic.jpg
sasuke_rinnegan_adult,Саске Учиха,Боруто,Легендарный,media/cards/sasuke_rinnegan_adult.jpg
luffy_gear5,Монки Д. Луффи,One Piece / Ван-Пис,Легендарный,media/cards/luffy_gear5.jpg
luffi_gear_fifth,Монки Д. Луффи,One Piece / Ван-Пис,Легендарный,media/cards/luffi_gear_fifth.jpg
saitama_casual,Сайтама,Ванпанчмен,Легендарный,media/cards/saitama_casual.jpg
saytama_sereznaya_seriya,Сайтама,Ванпанчмен,Мифический,SKIPPED_MYTHIC_MANUAL_GIF
beerus,Бирус,Dragon Ball,Мифический,SKIPPED_MYTHIC_MANUAL_GIF
vegeta_blue_evo,Вегета,Dragon Ball,Легендарный,media/cards/vegeta_blue_evo.jpg
vegeta_ssjblue,Вегета,Dragon Ball,Эпический,media/cards/vegeta_ssjblue.jpg
whis,Вис,Dragon Ball,Мифический,SKIPPED_MYTHIC_MANUAL_GIF
goku_blue,Гоку,Dragon Ball,Эпический,media/cards/goku_blue.jpg
goku_ui,Гоку,Dragon Ball,Легендарный,media/cards/goku_ui.jpg
goku_black_rose,Гоку Блэк,Dragon Ball,Легендарный,media/cards/goku_black_rose.jpg
zeno,Зено,Dragon Ball,Мифический,SKIPPED_MYTHIC_MANUAL_GIF
godzho_satoru_bezlimitnyy_pik,Сатору Годзё,Магическая битва,Легендарный,media/cards/godzho_satoru_bezlimitnyy_pik.jpg
gojo_peak,Сатору Годзё,Магическая битва,Легендарный,media/cards/gojo_peak.jpg
gojo_peak_legend,Сатору Годзё,Магическая битва,Легендарный,media/cards/gojo_peak_legend.jpg
sukuna_15,Сукуна,Магическая битва,Легендарный,media/cards/sukuna_15.jpg
sukuna_heian,Сукуна,Магическая битва,Легендарный,media/cards/sukuna_heian.jpg
sukuna_heyan_forma,Сукуна,Магическая битва,Легендарный,media/cards/sukuna_heyan_forma.jpg
madoka_god,Мадока Канамэ,Мадока Магика,Мифический,SKIPPED_MYTHIC_MANUAL_GIF
naruto_kcm,Наруто Узумаки,Наруто,Легендарный,media/cards/naruto_kcm.jpg
naruto_kcm2,Наруто Узумаки,Наруто,Легендарный,media/cards/naruto_kcm2.jpg
naruto_baryon,Наруто Узумаки,Наруто,Мифический,SKIPPED_MYTHIC_MANUAL_GIF
naruto_six_paths,Наруто Узумаки,Наруто,Легендарный,media/cards/naruto_six_paths.jpg
naruto_uzumaki_shest_putey,Наруто Узумаки,Наруто,Легендарный,media/cards/naruto_uzumaki_shest_putey.jpg
naruto_uzumaki_barion,Наруто Узумаки,Наруто,Легендарный,media/cards/naruto_uzumaki_barion.jpg
sasuke_rinnegan,Саске Учиха,Наруто,Легендарный,media/cards/sasuke_rinnegan.jpg
sasuke_indra,Саске Учиха,Наруто,Легендарный,media/cards/sasuke_indra.jpg
saske_uchiha_indra_susanoo,Саске Учиха,Наруто,Легендарный,media/cards/saske_uchiha_indra_susanoo.jpg
anos,Анос Вольдигоад,Непризнанный школой владыка демонов,Мифический,SKIPPED_MYTHIC_MANUAL_GIF
anos_voldigoad_istinnyy_vladyka,Анос Вольдигоад,Непризнанный школой владыка демонов,Мифический,SKIPPED_MYTHIC_MANUAL_GIF
rimuru_demon_lord,Римуру Темпест,О моём перерождении в слизь,Легендарный,media/cards/rimuru_demon_lord.jpg
rimuru_god,Римуру Темпест,О моём перерождении в слизь,Мифический,SKIPPED_MYTHIC_MANUAL_GIF
fezarin_avgustus_avrora_avtorskiy_uroven,Фезарин Августус Аврора,Уминэко,Мифический,SKIPPED_MYTHIC_MANUAL_GIF
featherine,Фезарин Августус Аврора,Уминэко,Мифический,SKIPPED_MYTHIC_MANUAL_GIF
beelzebub_iv_mythic,Вельзевул IV,Beelzebub,Легендарный,media/cards/beelzebub_iv_mythic.jpg
demigra,Демигра,Dragon Ball Heroes,Легендарный,media/cards/demigra.jpg
father_fma,Отец,Fullmetal Alchemist,Легендарный,media/cards/father_fma.jpg
paulus_mythic,Паулус,Versus,Легендарный,media/cards/paulus_mythic.jpg
musashi_miyamoto_mythic,Мусаси Миямото,Баки,Мифический,SKIPPED_MYTHIC_MANUAL_GIF
naruto_baryon_legend,Наруто Узумаки,Боруто,Легендарный,media/cards/naruto_baryon_legend.jpg
shibai,Шибай Оцуцуки,Боруто,Мифический,SKIPPED_MYTHIC_MANUAL_GIF
anti_spiral,Антиспираль,Гуррен-Лаганн,Мифический,SKIPPED_MYTHIC_MANUAL_GIF
gogeta_super_saiyan_blue,Гогета,Dragon Ball,Легендарный,media/cards/gogeta_super_saiyan_blue.jpg
goku_ssj3,Гоку,Dragon Ball,Эпический,media/cards/goku_ssj3.jpg
sukuna_heian_legend,Сукуна,Магическая битва,Легендарный,media/cards/sukuna_heian_legend.jpg
kaguya,Кагуя Оцуцуки,Наруто,Легендарный,media/cards/kaguya.jpg
madara_jinchuriki,Мадара Учиха,Наруто,Легендарный,media/cards/madara_jinchuriki.jpg
naruto_six_paths_legend,Наруто Узумаки,Наруто,Легендарный,media/cards/naruto_six_paths_legend.jpg
wang_ling,Ван Лин,Повседневная жизнь бессмертного короля,Мифический,SKIPPED_MYTHIC_MANUAL_GIF
arceus,Арсеус,Покемон,Легендарный,media/cards/arceus.jpg
giratina_origin,Гиратина,Покемон,Легендарный,media/cards/giratina_origin.jpg
dialga,Диалга,Покемон,Легендарный,media/cards/dialga.jpg
nekrozma_ultra_necrozma,Некрозма,Покемон,Легендарный,media/cards/nekrozma_ultra_necrozma.jpg
yhwach_soul_king_final,Юхабах,Блич,Мифический,SKIPPED_MYTHIC_MANUAL_GIF
soul_king_prime,Король душ,Блич,Мифический,SKIPPED_MYTHIC_MANUAL_GIF
veldanava_creator,Велданава,О моём перерождении в слизь,Мифический,SKIPPED_MYTHIC_MANUAL_GIF
truth_fma,Истина,Fullmetal Alchemist,Мифический,SKIPPED_MYTHIC_MANUAL_GIF
ikki_phoenix_legend,Икки Феникс,Saint Seiya,Легендарный,media/cards/ikki_phoenix_legend.jpg
marco_phoenix_legend,Марко Феникс,One Piece / Ван-Пис,Легендарный,media/cards/marco_phoenix_legend.jpg
gilgamesh_gate_babylon,Гильгамеш,Fate,Легендарный,media/cards/gilgamesh_gate_babylon.jpg
meruem_king_legend,Меруем,Hunter x Hunter,Легендарный,media/cards/meruem_king_legend.jpg
iruka_sensei,Ирука Умино,Наруто,Обычный,media/cards/iruka_sensei.jpg
konohamaru_young,Конохамару,Наруто,Обычный,media/cards/konohamaru_young.jpg
neji_byakugan,Неджи Хьюга,Наруто,Редкий,media/cards/neji_byakugan.jpg
yamato_wood,Ямато,Наруто,Редкий,media/cards/yamato_wood.jpg
konan_paper,Конан,Наруто,Эпический,media/cards/konan_paper.jpg
zabuza_mist,Забуза Момочи,Наруто,Редкий,media/cards/zabuza_mist.jpg
haku_ice_mirrors,Хаку,Наруто,Редкий,media/cards/haku_ice_mirrors.jpg
chad_fullbring,Ясутора Садо,Блич,Обычный,media/cards/chad_fullbring.jpg
orihime_shun_shun,Орихиме Иноуэ,Блич,Редкий,media/cards/orihime_shun_shun.jpg
uryu_quincy,Урю Исида,Блич,Редкий,media/cards/uryu_quincy.jpg
renji_bankai,Ренджи Абарай,Блич,Редкий,media/cards/renji_bankai.jpg
rukia_shikai,Рукия Кучики,Блич,Редкий,media/cards/rukia_shikai.jpg
kenpachi_base,Кенпачи Зараки,Блич,Эпический,media/cards/kenpachi_base.jpg
byakuya_senbonzakura,Бякуя Кучики,Блич,Эпический,media/cards/byakuya_senbonzakura.jpg
nami_climatact,Нами,One Piece / Ван-Пис,Обычный,media/cards/nami_climatact.jpg
chopper_guard,Тони-Тони Чоппер,One Piece / Ван-Пис,Обычный,media/cards/chopper_guard.jpg
brook_soul_king,Брук,One Piece / Ван-Пис,Редкий,media/cards/brook_soul_king.jpg
jinbe_fishman,Дзимбэй,One Piece / Ван-Пис,Эпический,media/cards/jinbe_fishman.jpg
krillin_destructo,Криллин,Dragon Ball,Обычный,media/cards/krillin_destructo.jpg
yamcha_wolf,Ямча,Dragon Ball,Обычный,media/cards/yamcha_wolf.jpg
tien_kikoho,Тэншинхан,Dragon Ball,Редкий,media/cards/tien_kikoho.jpg
deku_full_cowl,Идзуку Мидория,Моя геройская академия,Редкий,media/cards/deku_full_cowl.jpg
todoroki_halfcold,Шото Тодороки,Моя геройская академия,Редкий,media/cards/todoroki_halfcold.jpg
yuno_spirit,Юно,Чёрный клевер,Эпический,media/cards/yuno_spirit.jpg
natsu_lightning_fire,Нацу Драгнил,Хвост Феи,Эпический,media/cards/natsu_lightning_fire.jpg
erza_nakagami,Эрза Скарлет,Хвост Феи,Эпический,media/cards/erza_nakagami.jpg
inosuke_beast,Иноске Хашибира,"Клинок, рассекающий демонов",Обычный,media/cards/inosuke_beast.jpg
zenitsu_thunder,Зеницу Агацума,"Клинок, рассекающий демонов",Редкий,media/cards/zenitsu_thunder.jpg
giyu_water_hashira,Гию Томиока,"Клинок, рассекающий демонов",Редкий,media/cards/giyu_water_hashira.jpg
akaza_upper_three,Аказа,"Клинок, рассекающий демонов",Эпический,media/cards/akaza_upper_three.jpg
kokushibo_upper_one,Кокушибо,"Клинок, рассекающий демонов",Легендарный,media/cards/kokushibo_upper_one.jpg
power_blood,Пауэр,Chainsaw Man,Обычный,media/cards/power_blood.jpg
aki_kon,Аки Хаякава,Chainsaw Man,Редкий,media/cards/aki_kon.jpg
denji_chainsaw,Дэнджи,Chainsaw Man,Эпический,media/cards/denji_chainsaw.jpg
makima_control,Макима,Chainsaw Man,Легендарный,media/cards/makima_control.jpg
levi_ackerman_rare,Леви Аккерман,Атака титанов,Редкий,media/cards/levi_ackerman_rare.jpg
mikasa_ackerman_rare,Микаса Аккерман,Атака титанов,Обычный,media/cards/mikasa_ackerman_rare.jpg
kaneki_kakuja,Канеки Кен,Tokyo Ghoul,Эпический,media/cards/kaneki_kakuja.jpg
arima_quinque,Кишо Арима,Tokyo Ghoul,Эпический,media/cards/arima_quinque.jpg
l_lawliet,L Лоулайт,Death Note,Редкий,media/cards/l_lawliet.jpg
suzaku_lancelot,Сузаку Куруруги,Code Geass,Редкий,media/cards/suzaku_lancelot.jpg
mob_100,Шигео Кагеяма,Mob Psycho 100,Легендарный,media/cards/mob_100.jpg
reigen_salt,Рейген Аратака,Mob Psycho 100,Обычный,media/cards/reigen_salt.jpg
yujiro_hanma,Юдзиро Ханма,Baki,Эпический,media/cards/yujiro_hanma.jpg
baki_demon_back,Баки Ханма,Baki,Редкий,media/cards/baki_demon_back.jpg
hanayama_punch,Каору Ханаяма,Baki,Обычный,media/cards/hanayama_punch.jpg
kirito_dual,Кирито,Sword Art Online,Редкий,media/cards/kirito_dual.jpg
asuna_flash,Асуна,Sword Art Online,Редкий,media/cards/asuna_flash.jpg
senku_science,Сэнку Ишигами,Доктор Стоун,Обычный,media/cards/senku_science.jpg
tsukasa_primitive,Цукаса Шишио,Доктор Стоун,Редкий,media/cards/tsukasa_primitive.jpg
yusuke_spirit_gun,Юске Урамеши,Yu Yu Hakusho,Эпический,media/cards/yusuke_spirit_gun.jpg
hiei_dragon,Хиэй,Yu Yu Hakusho,Эпический,media/cards/hiei_dragon.jpg
shinra_grace,Шинра Кусакабэ,Fire Force,Легендарный,media/cards/shinra_grace.jpg
benimaru_flame,Бенимару Шинмон,Fire Force,Эпический,media/cards/benimaru_flame.jpg
thorfinn_warrior,Торфинн,Vinland Saga,Обычный,media/cards/thorfinn_warrior.jpg
thorkell_giant,Торкель,Vinland Saga,Редкий,media/cards/thorkell_giant.jpg
sukuna_full_power_mythic,Рёмен Сукуна,Магическая битва,Мифический,SKIPPED_MYTHIC_MANUAL_GIF
gojo_limitless_void_mythic,Сатору Годзё,Магическая битва,Мифический,SKIPPED_MYTHIC_MANUAL_GIF
luffy_nika_mythic,Монки Д. Луффи,One Piece / Ван-Пис,Мифический,SKIPPED_MYTHIC_MANUAL_GIF
ichigo_final_true_mythic,Ичиго Куросаки,Блич,Мифический,SKIPPED_MYTHIC_MANUAL_GIF
yamamoto_zanka_no_tachi,Гэнрюсай Ямамото,Блич,Легендарный,media/cards/yamamoto_zanka_no_tachi.jpg
ichibei_name_control,Ичибэй Хёсубэ,Блич,Легендарный,media/cards/ichibei_name_control.jpg
kenpachi_bankai_legend,Кенпачи Зараки,Блич,Легендарный,media/cards/kenpachi_bankai_legend.jpg
shanks_haki_legend,Шанкс,One Piece / Ван-Пис,Легендарный,media/cards/shanks_haki_legend.jpg
imu_shadow_throne,Иму,One Piece / Ван-Пис,Легендарный,media/cards/imu_shadow_throne.jpg
mihawk_black_blade,Дракуль Михок,One Piece / Ван-Пис,Легендарный,media/cards/mihawk_black_blade.jpg
kaido_dragon_legend,Кайдо,One Piece / Ван-Пис,Легендарный,media/cards/kaido_dragon_legend.jpg
hagoromo_sage_legend,Хагоромо Оцуцуки,Наруто,Легендарный,media/cards/hagoromo_sage_legend.jpg
kaguya_dimension_legend,Кагуя Оцуцуки,Наруто,Легендарный,media/cards/kaguya_dimension_legend.jpg
mahito_domain_epic,Махито,Магическая битва,Эпический,media/cards/mahito_domain_epic.jpg
toji_inventory_epic,Тодзи Фушигуро,Магическая битва,Эпический,media/cards/toji_inventory_epic.jpg
mahorga_adaptation_legend,Махорага,Магическая битва,Легендарный,media/cards/mahorga_adaptation_legend.jpg
blast_opm_legend,Бласт,Ванпанчмен,Легендарный,media/cards/blast_opm_legend.jpg
garou_cosmic_mythic,Гару,Ванпанчмен,Мифический,SKIPPED_MYTHIC_MANUAL_GIF
yuno_star_magic_epic,Юно Гринберриол,Чёрный клевер,Эпический,media/cards/yuno_star_magic_epic.jpg
mereoleona_hellfire_epic,Мереолеона Вермиллион,Чёрный клевер,Эпический,media/cards/mereoleona_hellfire_epic.jpg
zeref_black_magic_legend,Зереф Драгнил,Хвост Феи,Легендарный,media/cards/zeref_black_magic_legend.jpg
gilgamesh_gate,Гильгамеш,Fate,Легендарный,media/cards/gilgamesh_gate.jpg
artoria_excalibur_epic,Артурия Пендрагон,Fate,Эпический,media/cards/artoria_excalibur_epic.jpg
madoka_ultimate_mythic,Мадока Канаме,Мадока Магика,Мифический,SKIPPED_MYTHIC_MANUAL_GIF
homura_akemi_devil_legend,Хомура Акэми,Мадока Магика,Легендарный,media/cards/homura_akemi_devil_legend.jpg
chika_fujiwara_common,Чика Фудзивара,Госпожа Кагуя: в любви как на войне,Обычный,media/cards/chika_fujiwara_common.jpg
senku_science_rare,Сэнку Ишигами,Доктор Стоун,Редкий,media/cards/senku_science_rare.jpg
kurapika_emperor_time_epic,Курапика,Hunter x Hunter,Эпический,media/cards/kurapika_emperor_time_epic.jpg
chrollo_skill_hunter_epic,Хролло Люцифер,Hunter x Hunter,Эпический,media/cards/chrollo_skill_hunter_epic.jpg
dio_over_heaven_legend,Дио,JoJo,Легендарный,media/cards/dio_over_heaven_legend.jpg
mob_100_epic,Шигео Кагеяма,Mob Psycho 100,Эпический,media/cards/mob_100_epic.jpg
makima_control_legend,Макима,Человек-бензопила,Легендарный,media/cards/makima_control_legend.jpg
denji_chainsaw_rare,Дэндзи,Человек-бензопила,Редкий,media/cards/denji_chainsaw_rare.jpg
power_blood_rare,Пауэр,Человек-бензопила,Редкий,media/cards/power_blood_rare.jpg
frieren_mage_epic,Фрирен,Провожающая в последний путь Фрирен,Эпический,media/cards/frieren_mage_epic.jpg
fern_sniper_rare,Ферн,Провожающая в последний путь Фрирен,Редкий,media/cards/fern_sniper_rare.jpg
zabuza_silent,Забуза Момочи,Наруто,Редкий,media/cards/zabuza_silent.jpg
tsunade_hundred_healings,Цунаде,Наруто,Эпический,media/cards/tsunade_hundred_healings.jpg
pain_tendo,Пейн Тендо,Наруто,Легендарный,media/cards/pain_tendo.jpg
kaguya_otsutsuki_peak,Кагуя Ооцуцуки,Наруто,Мифический,SKIPPED_MYTHIC_MANUAL_GIF
kenpachi_unohana_training,Кенпачи Зараки,Блич,Легендарный,media/cards/kenpachi_unohana_training.jpg
byakuya_final_bankai,Бякуя Кучики,Блич,Легендарный,media/cards/byakuya_final_bankai.jpg
ichibei_true_name,Ичибэй Хёосубэ,Блич,Легендарный,media/cards/ichibei_true_name.jpg
lille_barro_volstandig,Лилль Барро,Блич,Легендарный,media/cards/lille_barro_volstandig.jpg
uryu_antithesis,Урю Исида,Блич,Эпический,media/cards/uryu_antithesis.jpg
big_mom_soul,Шарлотта Линлин,One Piece / Ван-Пис,Легендарный,media/cards/big_mom_soul.jpg
zoro_king_of_hell,Ророноа Зоро,One Piece / Ван-Пис,Эпический,media/cards/zoro_king_of_hell.jpg
sanji_ifrit_jambe,Винсмок Санджи,One Piece / Ван-Пис,Эпический,media/cards/sanji_ifrit_jambe.jpg
blackbeard_dual_fruit,Маршалл Д. Тич,One Piece / Ван-Пис,Легендарный,media/cards/blackbeard_dual_fruit.jpg
imu_empty_throne,Иму,One Piece / Ван-Пис,Мифический,SKIPPED_MYTHIC_MANUAL_GIF
kenjaku_uzumaki,Кенджаку,Магическая битва,Легендарный,media/cards/kenjaku_uzumaki.jpg
toji_heavenly,Тодзи Фушигуро,Магическая битва,Эпический,media/cards/toji_heavenly.jpg
saber_avalon,Артурия Пендрагон,Fate,Легендарный,media/cards/saber_avalon.jpg
enkidu_chains,Энкиду,Fate,Эпический,media/cards/enkidu_chains.jpg
goetia_ars_almadel,Гоэтия,Fate,Мифический,SKIPPED_MYTHIC_MANUAL_GIF
tiamat_beast,Тиамат,Fate,Мифический,SKIPPED_MYTHIC_MANUAL_GIF
meruem_post_rose,Меруем,Hunter x Hunter,Легендарный,media/cards/meruem_post_rose.jpg
netero_zero_hand,Исаак Нетеро,Hunter x Hunter,Эпический,media/cards/netero_zero_hand.jpg
lucius_time_soul,Люциус Зогратис,Чёрный клевер,Мифический,SKIPPED_MYTHIC_MANUAL_GIF
yoriiichi_peak,Ёриичи Цугикуни,"Клинок, рассекающий демонов",Легендарный,media/cards/yoriiichi_peak.jpg
chainsaw_pochita,Почита,Человек-бензопила,Мифический,SKIPPED_MYTHIC_MANUAL_GIF
frieren_elder_mage,Фрирен,Frieren,Эпический,media/cards/frieren_elder_mage.jpg
serie_living_grimoire,Серия,Frieren,Легендарный,media/cards/serie_living_grimoire.jpg
